ticker,name
AACG,ATA Creativity Global
AACI,Armada Acquisition Corp. III
AACO,Abony Acquisition Corp. I
AACP,Apogee Acquisition Corp
AAL,"American Airlines Group, Inc."
AAOI,"Applied Optoelectronics, Inc."
AAON,"AAON, Inc."
AAPG,Ascentage Pharma Group International
AAPL,Apple Inc.
AARD,"Aardvark Therapeutics, Inc."
ABAT,American Battery Technology Company
ABCL,AbCellera Biologics Inc.
ABEO,Abeona Therapeutics Inc.
ABLV,Able View Global Inc.
ABNB,"Airbnb, Inc."
ABOS,"Acumen Pharmaceuticals, Inc."
ABSI,Absci Corporation
ABTC,American Bitcoin Corp.
ABTS,Abits Group Inc
ABUS,Arbutus Biopharma Corporation
ABVC,"ABVC BioPharma, Inc."
ABVX,Abivax SA
ACAA,Averin Capital Acquisition Corp.
ACAD,ACADIA Pharmaceuticals Inc.
ACB,Aurora Cannabis Inc.
ACCL,Acco Group Holdings Limited
ACDC,ProFrac Holding Corp.
ACET,"Adicet Bio, Inc."
ACFN,"Acorn Energy, Inc."
ACGC,ACP Holdings Acquisition Corp.
ACGL,Arch Capital Group Ltd.
ACHC,"Acadia Healthcare Company, Inc."
ACHV,"Achieve Life Sciences, Inc."
ACIC,American Coastal Insurance Corporation
ACIU,AC Immune SA
ACIW,"ACI Worldwide, Inc."
ACLS,"Axcelis Technologies, Inc."
ACMR,"ACM Research, Inc."
ACNB,ACNB Corporation
ACNT,Ascent Industries Co.
ACOG,Alpha Cognition Inc.
ACON,"Aclarion, Inc."
ACRS,"Aclaris Therapeutics, Inc."
ACRV,"Acrivon Therapeutics, Inc."
ACT,"Enact Holdings, Inc."
ACTG,Acacia Research Corporation
ACXP,"Acurx Pharmaceuticals, Inc."
ADAC,American Drive Acquisition Company
ADAG,Adagene Inc.
ADAM,"Adamas Trust, Inc."
ADBE,Adobe Inc.
ADBT,"Advasa Holdings, Inc."
ADEA,Adeia Inc.
ADI,"Analog Devices, Inc."
ADMA,ADMA Biologics Inc
ADP,"Automatic Data Processing, Inc."
ADPT,Adaptive Biotechnologies Corporation
ADRX,"ADARx Pharmaceuticals, Inc."
ADSE,ADS-TEC ENERGY PLC
ADSK,"Autodesk, Inc."
ADTN,"ADTRAN Holdings, Inc."
ADUR,Aduro Clean Technologies Inc.
ADUS,Addus HomeCare Corporation
ADV,Advantage Solutions Inc.
ADVB,Advanced Biomed Inc.
ADXN,Addex Therapeutics Ltd
AEAQ,Activate Energy Acquisition Corp.
AEBI,Aebi Schmidt Holding AG
AEC,Anfield Energy Inc.
AEHL,Antelope Enterprise Holdings Limited
AEHR,Aehr Test Systems
AEI,Alset Inc.
AEIS,"Advanced Energy Industries, Inc."
AEMD,"Aethlon Medical, Inc."
AENT,Alliance Entertainment Holding Corporation
AEP,"American Electric Power Company, Inc."
AERT,"Aeries Technology, Inc."
AESP,Aeon Acquisition I Corp.
AEVA,"Aeva Technologies, Inc."
AEYE,"AudioEye, Inc."
AFCG,Advanced Flower Capital Inc.
AFRI,Forafric Global PLC
AFRM,"Affirm Holdings, Inc."
AFYA,Afya Limited
AGCC,Agencia Comercial Spirits Ltd
AGEN,Agenus Inc.
AGIO,"Agios Pharmaceuticals, Inc."
AGMB,AgomAb Therapeutics NV
AGMH,AGM Group Holdings Inc.
AGNC,AGNC Investment Corp.
AGNT,"AGNT, Inc."
AGPU,Axe Compute Inc.
AGYS,"Agilysys, Inc."
AHCO,AdaptHealth Corp.
AHG,Akso Health Group
AHMA,Ambitions Enterprise Management Co. L.L.C
AIAI,AIAI Holdings Corporation
AIBZ,Bitzero Holdings Inc.
AIFA,"All In FutureTech Alliance, Inc."
AIFF,"Firefly Neuroscience, Inc."
AIFU,AIFU Inc.
AIIO,Robo.ai Inc.
AIIR,Air Global PLC
AIMD,"Ainos, Inc."
AIOS,AIOS Tech Inc.
AIOT,"PowerFleet, Inc."
AIP,"Arteris, Inc."
AIRE,reAlpha Tech Corp.
AIRG,"Airgain, Inc."
AIRJ,AirJoule Technologies Corporation
AIRO,"AIRO Group Holdings, Inc."
AIRS,"AirSculpt Technologies, Inc."
AIRT,"Air T, Inc."
AISP,"Airship AI Holdings, Inc"
AIXC,"AIxCrypto Holdings, Inc."
AKAM,"Akamai Technologies, Inc."
AKBA,"Akebia Therapeutics, Inc."
AKTS,"Aktis Oncology, Inc."
AKTX,Akari Therapeutics Plc
ALAB,"Astera Labs, Inc."
ALAR,Alarum Technologies Ltd.
ALCO,"Alico, Inc."
ALDX,"Aldeyra Therapeutics, Inc."
ALEC,"Alector, Inc."
ALF,Centurion Acquisition Corp.
ALGM,"Allegro MicroSystems, Inc."
ALGN,"Align Technology, Inc."
ALGS,"Aligos Therapeutics, Inc."
ALGT,Allegiant Travel Company
ALHC,"Alignment Healthcare, Inc."
ALKS,Alkermes plc
ALKT,"Alkami Technology, Inc."
ALLO,"Allogene Therapeutics, Inc."
ALLR,"Allarity Therapeutics, Inc."
ALLT,Allot Ltd.
ALM,Almonty Industries Inc.
ALMR,"Alamar Biosciences, Inc."
ALMS,Alumis Inc.
ALMU,"Aeluma, Inc."
ALNT,Allient Inc.
ALNY,"Alnylam Pharmaceuticals, Inc."
ALOV,"Aldabra 4 Liquidity Opportunity Vehicle, Inc."
ALOY,REalloys Inc.
ALP,Alpha Compute Corp
ALPX,Alpex Acquisition Corporation
ALRM,"Alarm.com Holdings, Inc."
ALRS,Alerus Financial Corporation
ALT,"Altimmune, Inc."
ALTI,"AlTi Global, Inc."
ALTO,"Alto Ingredients, Inc."
ALVO,Alvotech
ALXO,ALX Oncology Holdings Inc.
AMAC,AMR Resources Acquisition Corp
AMAL,Amalgamated Financial Corp.
AMAN,Amanat Acquisition Corp
AMAT,"Applied Materials, Inc."
AMBA,"Ambarella, Inc."
AMBR,Amber International Holding Limited
AMCI,AMC Robotics Corporation
AMCX,AMC Global Media Inc.
AMD,"Advanced Micro Devices, Inc."
AMGN,Amgen Inc.
AMIX,"Autonomix Medical, Inc."
AMKR,"Amkor Technology, Inc."
AMLX,"Amylyx Pharmaceuticals, Inc."
AMPG,"Amplitech Group, Inc."
AMPH,"Amphastar Pharmaceuticals, Inc."
AMPL,"Amplitude, Inc."
AMRN,Amarin Corporation plc
AMRX,"Amneal Pharmaceuticals, Inc."
AMSC,American Superconductor Corporation
AMSF,"AMERISAFE, Inc."
AMST,Amesite Inc.
AMTX,"Aemetis, Inc"
AMZN,"Amazon.com, Inc."
ANAB,"AnaptysBio, Inc."
ANDE,"The Andersons, Inc."
ANGH,Anghami Inc.
ANGI,Angi Inc.
ANGO,"AngioDynamics, Inc."
ANIK,Anika Therapeutics Inc.
ANIP,"ANI Pharmaceuticals, Inc."
ANIX,"Anixa Biosciences, Inc."
ANL,Adlai Nortye Group Ltd.
ANNA,"AleAnna, Inc."
ANNX,"Annexon, Inc."
ANPA,Rich Sparkle Holdings Limited
ANTA,Antalpha Platform Holding Company
ANTX,"AN2 Therapeutics, Inc."
AOSL,Alpha and Omega Semiconductor Limited
AOUT,"American Outdoor Brands, Inc."
APA,APA Corporation
APAC,StoneBridge Acquisition II Corporation
APC,ARKO Petroleum Corp.
APEI,"American Public Education, Inc."
API,"Agora, Inc."
APLD,Applied Digital Corporation
APLM,Apollomics Inc.
APMC,AmperCap Acquisition Company
APMD,"Apnimed, Inc."
APOG,"Apogee Enterprises, Inc."
APP,Applovin Corporation
APPF,"AppFolio, Inc."
APPN,Appian Corporation
APPS,"Digital Turbine, Inc."
APUR,Aperture AC
APVO,Aptevo Therapeutics Inc.
APWC,Asia Pacific Wire & Cable Corporation Limited
APXT,Apex Treasury Corporation
APYX,Apyx Medical Corporation
AQB,"AquaBounty Technologies, Inc."
AQMS,"Aqua Metals, Inc."
AQST,"Aquestive Therapeutics, Inc."
ARBB,ARB IOT Group Limited
ARBK,Argo Blockchain plc
ARCB,ArcBest Corporation
ARCC,Ares Capital Corporation
ARCI,Archimedes Tech SPAC Partners III Co.
ARCL,ARC Group Acquisition I Corp
ARCT,Arcturus Therapeutics Holdings Inc.
ARDX,"Ardelyx, Inc."
ARGX,argenx SE
ARHS,"Arhaus, Inc."
ARKO,ARKO Corp.
ARKR,Ark Restaurants Corp.
ARM,Arm Holdings plc
AROW,Arrow Financial Corporation
ARQ,"Arq, Inc."
ARQQ,Arqit Quantum Inc.
ARQT,"Arcutis Biotherapeutics, Inc."
ARRY,"Array Technologies, Inc."
ARTC,Art Technology Acquisition Corp.
ARTL,"Artelo Biosciences, Inc."
ARTNA,Artesian Resources Corporation
ARTV,"Artiva Biotherapeutics, Inc."
ARTW,"Art's-Way Manufacturing Co., Inc."
ARVN,"Arvinas, Inc."
ARWR,"Arrowhead Pharmaceuticals, Inc."
ARXS,"Arxis, Inc."
ASBP,"Aspire-Lakewood Holdings, Inc."
ASLE,AerSale Corporation
ASMB,"Assembly Biosciences, Inc."
ASML,ASML Holding N.V.
ASND,Ascendis Pharma A/S
ASO,"Academy Sports and Outdoors, Inc."
ASPI,ASP Isotopes Inc.
ASPS,Altisource Portfolio Solutions S.A.
ASRV,AmeriServ Financial Inc.
ASST,"Strive, Inc."
ASTC,Astrotech Corporation
ASTE,"Astec Industries, Inc."
ASTH,Astrana Health Inc.
ASTI,"Ascent Solar Technologies, Inc"
ASTL,Algoma Steel Group Inc.
ASTS,"AST SpaceMobile, Inc."
ASUR,Asure Software Inc
ASYS,"Amtech Systems, Inc."
ATAT,Atour Lifestyle Holdings Limited
ATCX,Atlas Critical Minerals Corporation
ATEC,"Alphatec Holdings, Inc."
ATEX,Anterix Inc.
ATGL,Alpha Technology Group Limited
ATHE,Alterity Therapeutics Limited
ATHR,"Aether Holdings, Inc."
ATII,Archimedes Tech SPAC Partners II Co.
ATLC,Atlanticus Holdings Corporation
ATLO,Ames National Corporation
ATLQ,JAB Acquisition Corp I
ATLX,Atlas Lithium Corporation
ATNI,"ATN International, Inc."
ATOM,Atomera Incorporated
ATOS,"Atossa Therapeutics, Inc."
ATPC,Agape ATP Corporation
ATRA,"Atara Biotherapeutics, Inc."
ATRC,"AtriCure, Inc."
ATRO,Astronics Corporation
ATTO,"Attovia Therapeutics, Inc."
ATTT,Atlas Trinity Tech Limited
ATXG,Addentax Group Corp.
AUBN,"Auburn National Bancorporation, Inc."
AUC,ATIF Holdings Limited
AUDC,AudioCodes Ltd.
AUGO,Aura Minerals Inc.
AUPH,Aurinia Pharmaceuticals Inc
AUR,"Aurora Innovation, Inc."
AURA,"Aura Biosciences, Inc."
AURE,Aurelion Inc.
AUTL,Autolus Therapeutics plc
AVAH,Aveanna Healthcare Holdings Inc.
AVAV,"AeroVironment, Inc."
AVBH,"Avidbank Holdings, Inc."
AVBP,"ArriVent BioPharma, Inc."
AVGO,Broadcom Inc.
AVIR,"Atea Pharmaceuticals, Inc."
AVLN,Avalyn Pharma Inc.
AVNW,"Aviat Networks, Inc."
AVO,"Mission Produce, Inc."
AVPT,"AvePoint, Inc."
AVR,Anteris Technologies Global Corp.
AVT,"Avnet, Inc."
AVTX,"Avalo Therapeutics, Inc."
AVX,Avax One Technology Ltd.
AVXL,Anavex Life Sciences Corp.
AWRE,"Aware, Inc."
AXG,Solowin Holdings
AXGN,"Axogen, Inc."
AXIN,Axiom Intelligence Acquisition Corp 1
AXON,"Axon Enterprise, Inc."
AXSM,"Axsome Therapeutics, Inc."
AXTI,AXT Inc
AYA,Aya Gold & Silver Inc.
AYTU,"Aytu BioPharma, Inc."
AZ,A2Z Cust2Mate Solutions Corp.
AZI,Autozi Internet Technology (Global) Ltd.
AZTA,"Azenta, Inc."
BACC,Blue Acquisition Corp.
BAER,"Bridger Aerospace Group Holdings, Inc."
BAFN,BayFirst Financial Corp.
BAND,Bandwidth Inc.
BANF,BancFirst Corporation
BANL,CBL International Limited
BANR,Banner Corporation
BANX,ArrowMark Financial Corp.
BATRA,"Atlanta Braves Holdings, Inc."
BATRK,"Atlanta Braves Holdings, Inc."
BBCP,"Concrete Pumping Holdings, Inc."
BBGI,"Beasley Broadcast Group, Inc."
BBIO,"BridgeBio Pharma, Inc."
BBNX,"Beta Bionics, Inc."
BBOT,"BridgeBio Oncology Therapeutics, Inc."
BBSI,"Barrett Business Services, Inc."
BCAL,California BanCorp
BCAX,Bicara Therapeutics Inc.
BCBP,"BCB Bancorp, Inc. (NJ)"
BCCQ,Bleichroeder Acquisition Corp. III
BCDA,"BioCardia, Inc."
BCG,"Binah Capital Group, Inc."
BCIC,BCP Investment Corporation
BCML,BayCom Corp
BCPC,Balchem Corporation
BCRX,"BioCryst Pharmaceuticals, Inc."
BCTX,BriaCell Therapeutics Corp.
BCYC,Bicycle Therapeutics plc
BDCI,BTC Development Corp.
BDMD,Baird Medical Investment Holdings Ltd
BDRX,Biodexa Pharmaceuticals plc
BDSX,"Biodesix, Inc."
BDTX,"Black Diamond Therapeutics, Inc."
BEAG,Bold Eagle Acquisition Corp.
BEAM,Beam Therapeutics Inc.
BEEM,Beam Global
BEEP,Mobile Infrastructure Corporation
BELFA,Bel Fuse Inc.
BELFB,Bel Fuse Inc.
BENF,Beneficient
BETR,Better Home & Finance Holding Company
BFC,Bank First Corporation
BFRI,Biofrontera Inc.
BFST,"Business First Bancshares, Inc."
BGC,"BGC Group, Inc."
BGDE,"Big Digital Energy, Inc."
BGIN,Bgin Blockchain Limited
BGLC,BioNexus Gene Lab Corp
BGMS,"Bio Green Med Solution, Inc."
BHAV,BHAV Acquisition Corp
BHF,"Brighthouse Financial, Inc."
BHRB,Burke & Herbert Financial Services Corp.
BHST,BioHarvest Sciences Inc.
BIAF,"bioAffinity Technologies, Inc."
BID,Tribeca Strategic Acquisition Corp.
BIDU,"Baidu, Inc."
BIIB,Biogen Inc.
BILI,Bilibili Inc.
BIOA,"BioAge Labs, Inc."
BIRD,"Smartbird, Inc."
BIVI,BioVie Inc.
BIXI,Bitcoin Infrastructure Acquisition Corp Ltd.
BIYA,Baiya International Group Inc.
BJDX,"Bluejay Diagnostics, Inc."
BJRI,"BJ's Restaurants, Inc."
BKHA,Black Hawk Acquisition Corporation
BKNG,Booking Holdings Inc.
BKR,Baker Hughes Company
BKYI,"BIO-key International, Inc."
BL,"BlackLine, Inc."
BLBD,Blue Bird Corporation
BLDP,"Ballard Power Systems, Inc."
BLFS,"BioLife Solutions, Inc."
BLIN,"Bridgeline Digital, Inc."
BLIV,BeLive Holdings
BLKB,"Blackbaud, Inc."
BLLN,"BillionToOne, Inc."
BLMN,"Bloomin' Brands, Inc."
BLNE,"Beeline Holdings, Inc."
BLRK,Bluerock Acquisition Corp.
BLRX,BioLineRx Ltd.
BLSM,"BlossomHill Therapeutics, Inc."
BLTE,"Belite Bio, Inc"
BLUW,Blue Water Acquisition Corp. III
BLZE,"Backblaze, Inc."
BLZR,Trailblazer Acquisition Corp.
BMBL,Bumble Inc.
BMEA,"Biomea Fusion, Inc."
BMGL,Basel Medical Group Ltd
BMHL,Bluemount Holdings Limited
BMM,Blue Moon Metals Inc.
BMR,Beamr Imaging Ltd.
BMRA,"Biomerica, Inc."
BMRC,Bank of Marin Bancorp
BMRN,BioMarin Pharmaceutical Inc.
BNAI,Brand Engagement Network Inc.
BNC,CEA Industries Inc.
BNGO,"Bionano Genomics, Inc."
BNKK,"Bonk, Inc."
BNR,Burning Rock Biotech Limited
BNTC,Benitec Biopharma Inc.
BNTX,BioNTech SE
BODI,"The Beachbody Company, Inc."
BOF,BranchOut Food Inc.
BOKF,BOK Financial Corporation
BOLD,"Boundless Bio, Inc."
BOLT,"Bolt Biotherapeutics, Inc."
BON,Bon Natural Life Limited
BOOM,DMC Global Inc.
BOSC,B.O.S. Better Online Solutions
BOT,"RoboStrategy, Inc."
BOTJ,"Bank of the James Financial Group, Inc."
BOXL,Boxlight Corporation
BPAC,Blueport Acquisition Ltd
BPOP,"Popular, Inc."
BPRN,"Princeton Bancorp, Inc."
BRAG,Bragg Gaming Group Inc.
BRAI,Braiin Limited
BRBI,BRBI BR Partners S.A.
BRCB,"Black Rock Coffee Bar, Inc."
BRID,Bridgford Foods Corporation
BRKH,Burtech Acquisition Corp II
BRKR,Bruker Corporation
BRLT,"Brilliant Earth Group, Inc."
BRNX,BrenX Ltd.
BRTM,B&R Technology Merger Corp.
BRUN,Boost Run Inc.
BRVE,"Braveheart Bio, Inc."
BRZE,"Braze, Inc."
BSBK,Bogota Financial Corp.
BSEM,"BioStem Technologies, Inc."
BSET,"Bassett Furniture Industries, Incorporated"
BSIN,Big Sky Industrial Inc.
BSP,Bending Spoons S.p.A.
BSRR,Sierra Bancorp
BSVN,Bank7 Corp.
BSY,"Bentley Systems, Incorporated"
BTBD,"BT Brands, Inc."
BTBT,"Bit Digital, Inc."
BTCS,BTCS Inc.
BTCT,BTC Digital Ltd.
BTDR,Bitdeer Technologies Group
BTMD,Biote Corp.
BTQ,BTQ Technologies Corp.
BTSG,"BrightSpring Health Services, Inc."
BULL,Webull Corporation
BUSE,First Busey Corporation
BUUU,BUUU Group Limited
BVC,BitVentures Limited
BVFL,"BV Financial, Inc."
BVS,Bioventus Inc.
BWAY,BrainsWay Ltd.
BWB,"Bridgewater Bancshares, Inc."
BWEN,"Broadwind, Inc."
BWFG,"Bankwell Financial Group, Inc."
BWIN,"The Baldwin Insurance Group, Inc."
BWMN,Bowman Consulting Group Ltd.
BXBL,"BOXABL, Inc."
BYAH,"Park Ha Biological Technology Co., Ltd."
BYFC,Broadway Financial Corporation
BYND,"Beyond Meat, Inc."
BYRN,"Byrna Technologies, Inc."
BZ,KANZHUN LIMITED
BZAI,"Blaize Holdings, Inc."
BZFD,"BuzzFeed, Inc."
BZUN,Baozun Inc.
CAAS,"China Automotive Systems, Inc."
CABA,"Cabaletta Bio, Inc."
CAC,Camden National Corporation
CACC,Credit Acceptance Corporation
CADL,"Candel Therapeutics, Inc."
CAE,CAE Inc
CAES,"Cantor Equity Partners VII, Inc."
CAI,"Caris Life Sciences, Inc."
CAII,Collective Acquisition Corp. II
CAKE,The Cheesecake Factory Incorporated
CALC,"CalciMedica, Inc."
CALM,"Cal-Maine Foods, Inc."
CAMP,CAMP4 Therapeutics Corporation
CAMT,Camtek Ltd.
CAPR,"Capricor Therapeutics, Inc."
CAQ,Cambridge Acquisition Corp.
CAR,"Avis Budget Group, Inc."
CARE,"Carter Bankshares, Inc."
CARG,"CarGurus, Inc."
CARL,"Carlsmed, Inc."
CART,Maplebear Inc.
CASH,"Pathward Financial, Inc."
CASS,"Cass Information Systems, Inc"
CAST,"FreeCast, Inc."
CASY,"Caseys General Stores, Inc."
CATL,Catalyst Acquisition Corp.
CATY,Cathay General Bancorp
CBC,"Central Bancompany, Inc."
CBFV,"CB Financial Services, Inc."
CBIO,"Crescent Biopharma, Inc."
CBK,"Commercial Bancgroup, Inc."
CBLL,"CeriBell, Inc."
CBNK,"Capital Bancorp, Inc."
CBRL,"Cracker Barrel Old Country Store, Inc."
CBRS,Cerebras Systems Inc.
CBSH,"Commerce Bancshares, Inc."
CBUS,"Cibus, Inc."
CCAP,"Crescent Capital BDC, Inc."
CCAQ,Collective Acquisition Corp.
CCB,Coastal Financial Corporation
CCBG,Capital City Bank Group
CCC,CCC Intelligent Solutions Holdings Inc.
CCCC,"C4 Therapeutics, Inc."
CCCT,Columbus Circle Capital Corp III
CCD,Calamos Dynamic Convertible & Income Fund
CCEC,Capital Clean Energy Carriers Corp.
CCEP,Coca-Cola Europacific Partners plc
CCG,Cheche Group Inc.
CCHH,CCH Holdings Ltd
CCII,Cohen Circle Acquisition Corp. II
CCLD,"CareCloud, Inc."
CCNE,CNB Financial Corporation
CCOI,"Cogent Communications Holdings, Inc."
CCSI,"Consensus Cloud Solutions, Inc."
CCXI,Churchill Capital Corp XI
CD,Chaince Digital Holdings Inc.
CDIO,Cardio Diagnostics Holdings Inc.
CDLX,"Cardlytics, Inc."
CDNA,"CareDx, Inc."
CDNL,Cardinal Infrastructure Group Inc.
CDNS,"Cadence Design Systems, Inc."
CDRO,"Codere Online Luxembourg, S.A."
CDT,CDT Equity Inc.
CDTG,CDT Environmental Technology Investment Holdings Limited
CDW,CDW Corporation
CDXS,"Codexis, Inc."
CDZI,"Cadiz, Inc."
CDZIP,"Cadiz, Inc."
CECO,CECO Environmental Corp.
CEG,Constellation Energy Corporation
CELC,Celcuity Inc.
CELH,"Celsius Holdings, Inc."
CELZ,"Creative Medical Technology Holdings, Inc."
CENN,Cenntro Inc.
CENT,Central Garden & Pet Company
CENTA,Central Garden & Pet Company
CENX,Century Aluminum Company
CEPF,"Cantor Equity Partners IV, Inc."
CEPL,"Capstone Energy Plus, Inc."
CEPO,"Cantor Equity Partners I, Inc."
CEPS,"Cantor Equity Partners VI, Inc."
CEPV,"Cantor Equity Partners V, Inc."
CERS,Cerus Corporation
CERT,"Certara, Inc."
CETX,Cemtrex Inc.
CETY,"Clean Energy Technologies, Inc."
CEVA,"CEVA, Inc."
CFBK,CF Bankshares Inc.
CFFI,C&F Financial Corporation
CFFN,"Capitol Federal Financial, Inc."
CG,The Carlyle Group Inc.
CGBD,"Carlyle Secured Lending, Inc."
CGC,Canopy Growth Corporation
CGCF,Cartesian Growth Corporation IV
CGEM,"Cullinan Therapeutics, Inc."
CGEN,Compugen Ltd.
CGNT,Cognyte Software Ltd.
CGNX,Cognex Corporation
CGO,Calamos Global Total Return Fund
CGON,"CG Oncology, Inc."
CGTL,Creative Global Technology Holdings Limited
CGTX,"Cognition Therapeutics, Inc."
CHA,Chagee Holdings Limited
CHAR,Charlton Aria Acquisition Corporation
CHCI,"Comstock Holding Companies, Inc."
CHCO,City Holding Company
CHDN,"Churchill Downs, Incorporated"
CHEC,Chenghe Acquisition III Co.
CHEF,"The Chefs' Warehouse, Inc."
CHGA,Change Agents Corporation
CHI,Calamos Convertible Opportunities and Income Fund
CHKP,Check Point Software Technologies Ltd.
CHMG,Chemung Financial Corp
CHNR,"China Natural Resources, Inc."
CHPG,ChampionsGate Acquisition Corporation
CHR,"Cheer Holding, Inc."
CHRD,Chord Energy Corporation
CHRN,ChronoScale Holdings Corporation
CHRS,"Coherus Oncology, Inc."
CHRW,"C.H. Robinson Worldwide, Inc."
CHSN,Chanson International Holding
CHTR,"Charter Communications, Inc."
CHW,Calamos Global Dynamic Income Fund
CHY,Calamos Convertible and High Income Fund
CHYM,"Chime Financial, Inc."
CIFR,Cipher Digital Inc.
CIGI,Colliers International Group Inc.
CIIT,"Tianci International, Inc."
CINF,Cincinnati Financial Corporation
CING,Cingulate Inc.
CISS,C3is Inc.
CIVB,"Civista Bancshares, Inc."
CLAR,Clarus Corporation
CLBK,"Columbia Financial, Inc."
CLBT,Cellebrite DI Ltd.
CLDX,"Celldex Therapeutics, Inc."
CLFD,"Clearfield, Inc."
CLGN,CollPlant Biotechnologies Ltd.
CLIK,Click Holdings Limited
CLIR,ClearSign Technologies Corporation
CLLS,Cellectis S.A.
CLMB,"Climb Global Solutions, Inc."
CLMT,"Calumet, Inc"
CLNE,Clean Energy Fuels Corp.
CLNN,Clene Inc.
CLOV,"Clover Health Investments, Corp."
CLPS,CLPS Incorporation
CLPT,ClearPoint Neuro Inc.
CLRB,"Cellectar Biosciences, Inc."
CLSK,"CleanSpark, Inc."
CLST,"Catalyst Bancorp, Inc."
CLWT,Euro Tech Holdings Company Limited
CLYM,"Climb Bio, Inc."
CMCO,Columbus McKinnon Corporation
CMCSA,Comcast Corporation
CMCT,Creative Media
CME,CME Group Inc.
CMMB,Chemomab Therapeutics Ltd.
CMND,Clearmind Medicine Inc.
CMPR,Cimpress plc
CMPS,COMPASS Pathways Plc
CMPX,"Compass Therapeutics, Inc."
CMRC,"Commerce.com, Inc."
CMTL,Comtech Telecommunications Corp.
CMTV,Community Bancorp.
CNCK,Coincheck Group N.V.
CNDT,Conduent Incorporated
CNET,ZW Data Action Technologies Inc.
CNL,Collective Mining Ltd.
CNOB,"ConnectOne Bancorp, Inc."
CNSP,"CNS Pharmaceuticals, Inc."
CNSY,"Cerenome, Inc."
CNTB,Connect Biopharma Holdings Limited
CNTN,"Canton Strategic Holdings, Inc."
CNTY,"Century Casinos, Inc."
CNVS,Cineverse Corp.
CNXC,Concentrix Corporation
CNXN,"PC Connection, Inc."
CNXU,Conexeu Sciences Inc.
COAG,"Hemab Therapeutics Holdings, Inc."
COCO,"The Vita Coco Company, Inc."
COCP,"Cocrystal Pharma, Inc."
CODA,"Coda Octopus Group, Inc."
CODX,"Co-Diagnostics, Inc."
COFS,"ChoiceOne Financial Services, Inc."
COGT,"Cogent Biosciences, Inc."
COHU,"Cohu, Inc."
COIN,"Coinbase Global, Inc."
COKE,"Coca-Cola Consolidated, Inc."
COLB,"Columbia Banking System, Inc."
COLL,"Collegium Pharmaceutical, Inc."
COLM,Columbia Sportswear Company
COO,"The Cooper Companies, Inc."
CORT,Corcept Therapeutics Incorporated
CORZ,"Core Scientific, Inc."
COST,Costco Wholesale Corporation
COYA,"Coya Therapeutics, Inc."
CPB,The Campbell's Company
CPBI,"Central Plains Bancshares, Inc."
CPHC,Canterbury Park Holding Corporation
CPIX,Cumberland Pharmaceuticals Inc.
CPRT,"Copart, Inc."
CPSH,CPS Technologies Corp.
CPSS,"Consumer Portfolio Services, Inc."
CPZ,Calamos Long/Short Equity & Dynamic Income Trust
CRAC,Crown Reserve Acquisition Corp. I
CRAI,"CRA International,Inc."
CRAN,Crane Harbor Acquisition Corp. II
CRAQ,Cal Redwood Acquisition Corp.
CRBP,"Corbus Pharmaceuticals Holdings, Inc."
CRBU,"Caribou Biosciences, Inc."
CRCT,"Cricut, Inc."
CRDF,"Cardiff Oncology, Inc."
CRDL,Cardiol Therapeutics Inc.
CRDO,Credo Technology Group Holding Ltd
CRE,Cre8 Enterprise Limited
CRESY,Cresud S.A.C.I.F. y A.
CREX,"Creative Realities, Inc."
CRGO,Freightos Limited
CRIS,"Curis, Inc."
CRMD,CorMedix Inc.
CRML,Critical Metals Corp.
CRMT,"America's Car-Mart, Inc."
CRNC,Cerence Inc.
CRNT,Ceragon Networks Ltd.
CRON,Cronos Group Inc.
CROX,"Crocs, Inc."
CRSP,CRISPR Therapeutics AG
CRSR,"Corsair Gaming, Inc."
CRTO,Criteo S.A.
CRUS,"Cirrus Logic, Inc."
CRVL,CorVel Corp.
CRVO,CervoMed Inc.
CRVS,"Corvus Pharmaceuticals, Inc."
CRWD,"CrowdStrike Holdings, Inc."
CRWS,"Crown Crafts, Inc."
CRWV,"CoreWeave, Inc."
CSAI,"Cloudastructure, Inc."
CSBR,"Champions Oncology, Inc."
CSCO,"Cisco Systems, Inc."
CSGP,"CoStar Group, Inc."
CSHR,CoinShares PLC
CSIQ,Canadian Solar Inc.
CSPI,CSP Inc.
CSQ,Calamos Strategic Total Return Fund
CSTE,Caesarstone Ltd.
CSTL,"Castle Biosciences, Inc."
CSWC,Capital Southwest Corporation
CSX,CSX Corporation
CTAA,ClearThink 1 Acquisition Corp.
CTAS,Cintas Corporation
CTBI,"Community Trust Bancorp, Inc."
CTKB,"Cytek Biosciences, Inc."
CTMX,"CytomX Therapeutics, Inc."
CTNM,"Contineum Therapeutics, Inc."
CTNT,Cheetah Net Supply Chain Service Inc.
CTRM,Castor Maritime Inc.
CTRN,"Citi Trends, Inc."
CTSH,Cognizant Technology Solutions Corporation
CTW,CTW
CUB,Lionheart Holdings
CUE,"Cue Biopharma, Inc."
CULP,"Culp, Inc."
CUPR,Cuprina Holdings (Cayman) Limited
CURI,CuriosityStream Inc.
CURR,Currenc Group Inc.
CURX,Curanex Pharmaceuticals Inc
CUVL,Clinuvel Pharmaceuticals Limited
CV,"CapsoVision, Inc."
CVBF,CVB Financial Corporation
CVCO,"Cavco Industries, Inc."
CVGI,"Commercial Vehicle Group, Inc."
CVKD,"Cadrenal Therapeutics, Inc."
CVLT,"Commvault Systems, Inc."
CVRX,"CVRx, Inc."
CVV,CVD Equipment Corporation
CWBC,Community West Bancshares
CWCO,Consolidated Water Co. Ltd.
CWST,"Casella Waste Systems, Inc."
CXAI,CXApp Inc.
CXDO,"Crexendo, Inc."
CXII,Churchill Capital Corp XII
CYN,Cyngn Inc.
CYPH,Cypherpunk Technologies Inc.
CYRX,"CryoPort, Inc."
CYTK,"Cytokinetics, Incorporated"
CZFS,"Citizens Financial Services, Inc."
CZNC,Citizens & Northern Corp
CZR,"Caesars Entertainment, Inc."
CZWI,"Citizens Community Bancorp, Inc."
DAAQ,Digital Asset Acquisition Corp.
DAIO,Data I/O Corporation
DAKT,"Daktronics, Inc."
DASH,"DoorDash, Inc."
DAVE,Dave Inc.
DBCA,D. Boral Acquisition I Corp.
DBGI,"Digital Brands Group, Inc."
DBVT,DBV Technologies S.A.
DBX,"Dropbox, Inc."
DCBO,Docebo Inc.
DCOY,Decoy Therapeutics Inc.
DCTH,"Delcath Systems, Inc."
DCX,Digital Currency X Technology Inc.
DDI,"DoubleDown Interactive Co., Ltd."
DDOG,"Datadog, Inc."
DERM,Journey Medical Corporation
DETX,"Liberty Defense Holdings, Ltd."
DFDV,DeFi Development Corp.
DFSC,DEFSEC Technologies Inc.
DFTX,"Definium Therapeutics, Inc."
DGICA,"Donegal Group, Inc."
DGICB,"Donegal Group, Inc."
DGII,Digi International Inc.
DGNX,Diginex Limited
DGXX,Digi Power X Inc.
DIBS,"1stdibs.com, Inc."
DIOD,Diodes Incorporated
DJCO,Daily Journal Corp. (S.C.)
DJT,Trump Media & Technology Group Corp.
DKI,DarkIris Inc.
DKNG,DraftKings Inc.
DLHC,DLH Holdings Corp.
DLO,DLocal Limited
DLPN,"Dolphin Entertainment, Inc."
DLTH,Duluth Holdings Inc.
DLTR,"Dollar Tree, Inc."
DMAA,Drugs Made In America Acquisition Corp.
DMAC,DiaMedica Therapeutics Inc.
DMII,Drugs Made In America Acquisition II Corp.
DMRA,"Damora Therapeutics, Inc."
DMRC,Digimarc Corporation
DNLI,Denali Therapeutics Inc.
DNMX,Dynamix Corporation III
DNTH,"Dianthus Therapeutics, Inc."
DNUT,"Krispy Kreme, Inc."
DOCU,"DocuSign, Inc."
DOGZ,Dogness (International) Corporation
DOMH,Dominari Holdings Inc.
DOO,BRP Inc.
DORM,"Dorman Products, Inc."
DOX,Amdocs Limited
DOYU,DouYu International Holdings Limited
DPRO,Draganfly Inc.
DPU,Top KingWin Ltd
DPZ,Domino's Pizza Inc
DRH,Diamondrock Hospitality Company
DRIO,DarioHealth Corp.
DRK,DarkHorse Technologies Inc.
DRMA,"Dermata Therapeutics, Inc."
DRS,"Leonardo DRS, Inc."
DRTS,Alpha Tau Medical Ltd.
DRUG,Bright Minds Biosciences Inc.
DRVN,Driven Brands Holdings Inc.
DSAC,Daedalus Special Acquisition Corp.
DSC,DSC Holdings Ltd.
DSGN,"Design Therapeutics, Inc."
DSGR,"Distribution Solutions Group, Inc."
DSGX,The Descartes Systems Group Inc.
DSP,Viant Technology Inc.
DSWL,"Deswell Industries, Inc."
DSY,Big Tree Cloud Holdings Limited
DTCX,"Datacentrex, Inc."
DTI,Drilling Tools International Corporation
DTIL,"Precision BioSciences, Inc."
DTSQ,DT Cloud Star Acquisition Corporation
DTST,Data Storage Corporation
DUKR,DUKE Robotics Corp.
DUOL,"Duolingo, Inc."
DUOT,"Duos Technologies Group, Inc."
DWSN,Dawson Geophysical Company
DWTX,"Dogwood Therapeutics, Inc."
DXCM,"DexCom, Inc."
DXPE,"DXP Enterprises, Inc."
DXR,Daxor Corporation
DXST,Decent Holding Inc.
DYAI,"Dyadic International, Inc."
DYN,"Dyne Therapeutics, Inc."
DYNC,Dynamix Corporation
DYOR,Insight Digital Partners II
EBAY,eBay Inc.
EBC,"Eastern Bankshares, Inc."
EBMT,"Eagle Bancorp Montana, Inc."
EBON,Ebang International Holdings Inc.
ECBK,"ECB Bancorp, Inc."
ECHO,EchoStar Corporation
ECOR,"electroCore, Inc."
ECPG,Encore Capital Group Inc
ECX,ECARX Holdings Inc.
EDBL,Edible Garden AG Incorporated
EDHL,Everbright Digital Holding Limited
EDIT,"Editas Medicine, Inc."
EDRY,EuroDry Ltd.
EDSA,"Edesa Biotech, Inc."
EDTK,Skillful Craftsman Education Technology Limited
EDUC,Educational Development Corporation
EEFT,"Euronet Worldwide, Inc."
EEIQ,EpicQuest Education Group International Limited
EFOI,"Energy Focus, Inc."
EFSC,Enterprise Financial Services Corporation
EFSI,Eagle Financial Services Inc
EFTY,"Etoiles Capital Group Co., Ltd."
EGAN,eGain Corporation
EGBN,"Eagle Bancorp, Inc."
EGHA,EGH Acquisition Corp.
EGHT,8x8 Inc
EH,EHang Holdings Limited
EHGO,Eshallgo Inc.
EHLD,Euroholdings Ltd.
EHTH,"eHealth, Inc."
EIKN,"Eikon Therapeutics, Inc."
ELAB,PMGC Holdings Inc.
ELDN,"Eledon Pharmaceuticals, Inc."
ELE,Elemental Royalty Corporation
ELMT,The Elmet Group Co.
ELOX,"Eloxx Pharmaceuticals, Inc."
ELPW,Elong Power Holding Limited
ELTK,Eltek Ltd.
ELTX,"Elicio Therapeutics, Inc."
ELVA,Electrovaya Inc.
ELVN,"Enliven Therapeutics, Inc."
ELVR,Elevra Lithium Limited
ELWT,"Elauwit Connection, Inc."
EMAT,Evolution Metals & Technologies Corp.
EMBC,Embecta Corp.
EMIS,Emmis Acquisition Corp.
EML,Eastern Company (The)
EMPD,Empery Digital Inc.
ENGN,enGene Therapeutics Inc.
ENGS,Energys Group Limited
ENLT,Enlight Renewable Energy Ltd.
ENLV,Enlivex Ltd.
ENPH,"Enphase Energy, Inc."
ENRD,Einride AB
ENSG,"The Ensign Group, Inc."
ENTA,"Enanta Pharmaceuticals, Inc."
ENTG,"Entegris, Inc."
ENTX,Entera Bio Ltd.
ENVB,"Enveric Biosciences, Inc."
ENVX,Enovix Corporation
EOCN,Eocene Ltd.
EOLS,"Evolus, Inc."
EOSE,"Eos Energy Enterprises, Inc."
EPRX,Eupraxia Pharmaceuticals Inc.
EPSM,Epsium Enterprise Limited
EPSN,Epsilon Energy Ltd.
EQ,"Equillium, Inc."
EQIX,"Equinix, Inc."
EQPT,EquipmentShare.com Inc
ERAS,"Erasca, Inc."
ERIC,Ericsson
ERIE,Erie Indemnity Company
ERII,"Energy Recovery, Inc."
ERNA,Ernexa Therapeutics Inc.
ESCA,"Escalade, Incorporated"
ESEA,Euroseas Ltd.
ESLT,Elbit Systems Ltd.
ESOA,Energy Services of America Corporation
ESQ,"Esquire Financial Holdings, Inc."
ESTA,Establishment Labs Holdings Inc.
ESYN,EnerSyn Global Inc.
ETON,"Eton Pharmaceuticals, Inc."
ETOR,eToro Group Ltd.
ETRA,"Electra Therapeutics, Inc."
ETS,Elite Express Holding Inc.
EU,enCore Energy Corp.
EUDA,Euda Health Holdings Limited
EVAX,Evaxion A/S
EVCM,EverCommerce Inc.
EVER,"EverQuote, Inc."
EVGO,EVgo Inc.
EVLV,"Evolv Technologies Holdings, Inc."
EVO,Evotec SE
EVOX,Evolution Global Acquisition Corp
EVRG,"Evergy, Inc."
EWAV,East West Ave Acquisition Corp.
EWBC,"East West Bancorp, Inc."
EWTX,"Edgewise Therapeutics, Inc."
EXC,Exelon Corporation
EXE,Expand Energy Corporation
EXEL,"Exelixis, Inc."
EXFY,"Expensify, Inc."
EXLS,"ExlService Holdings, Inc."
EXOZ,eXoZymes Inc.
EXPE,"Expedia Group, Inc."
EXPO,"Exponent, Inc."
EXTR,"Extreme Networks, Inc."
EXYN,"Exyn Technologies, Inc."
EYE,"National Vision Holdings, Inc."
EYPT,"EyePoint, Inc."
EZGO,EZGO Technologies Ltd.
EZPW,"EZCORP, Inc."
EZRA,"Reliance Global Group, Inc."
FA,First Advantage Corporation
FABC,"Fabric.AI, Inc."
FAC,Factorial Energy Inc.
FACT,FACT II Acquisition Corp.
FANG,"Diamondback Energy, Inc."
FAST,Fastenal Company
FATE,"Fate Therapeutics, Inc."
FATN,"FatPipe, Inc."
FBDT,First Breach Inc.
FBIO,"Fortress Biotech, Inc."
FBIZ,"First Business Financial Services, Inc."
FBLA,"FB Bancorp, Inc."
FBLG,"FibroBiologics, Inc."
FBNC,First Bancorp
FBYD,"Falcon's Beyond Global, Inc."
FCAP,"First Capital, Inc."
FCBC,"First Community Bankshares, Inc."
FCCO,First Community Corporation
FCEL,"FuelCell Energy, Inc."
FCFS,"FirstCash Holdings, Inc."
FCNCA,"First Citizens BancShares, Inc."
FCUV,Focus Universal Inc.
FDBC,"Fidelity D & D Bancorp, Inc."
FDMM,Freedom Metals Acquisition Corp.
FDMT,"4D Molecular Therapeutics, Inc."
FDSB,"Fifth District Bancorp, Inc."
FDUS,Fidus Investment Corporation
FEAM,"5E Advanced Materials, Inc."
FEIM,"Frequency Electronics, Inc."
FELE,"Franklin Electric Co., Inc."
FEMY,Femasys Inc.
FENC,Fennec Pharmaceuticals Inc.
FER,Ferrovial N.V.
FFAI,Faraday Future Intelligent Electric Inc.
FFBC,First Financial Bancorp.
FFIN,"First Financial Bankshares, Inc."
FFIV,"F5, Inc."
FGBI,"First Guaranty Bancshares, Inc."
FGI,FGI Industries Ltd.
FGII,FG Imperii Acquisition Corp.
FGNX,FG Nexus Inc.
FHB,"First Hawaiian, Inc."
FHTX,Foghorn Therapeutics Inc.
FIBK,"First Interstate BancSystem, Inc."
FIEE,"FiEE, Inc"
FIGR,"Figure Technology Solutions, Inc."
FIGX,FIGX Capital Acquisition Corp.
FINW,FinWise Bancorp
FIP,FTAI Infrastructure Inc.
FISI,"Financial Institutions, Inc."
FISN,"Deep Fission, Inc."
FISV,"Fiserv, Inc."
FIVE,"Five Below, Inc."
FIVN,"Five9, Inc."
FIZZ,National Beverage Corp.
FJDI,ARC Group Securities Acquisition I
FKWL,Franklin Wireless Corp.
FLEX,Flex Ltd.
FLGT,"Fulgent Genetics, Inc."
FLL,"Full House Resorts, Inc."
FLNC,"Fluence Energy, Inc."
FLNT,"Fluent, Inc."
FLWS,"1-800-FLOWERS.COM, Inc."
FLX,BingEx Limited
FLXS,"Flexsteel Industries, Inc."
FLY,Firefly Aerospace Inc.
FLYE,"Fly-E Group, Inc."
FLYW,Flywire Corporation
FMAC,Future Money Acquisition Corporation
FMAO,"Farmers & Merchants Bancorp, Inc."
FMBH,"First Mid Bancshares, Inc."
FMNB,Farmers National Banc Corp.
FMST,Foremost Clean Energy Ltd.
FNKO,"Funko, Inc."
FNLC,"First Bancorp, Inc (ME)"
FNRN,First Northern Community Bancorp
FNWB,First Northwest Bancorp
FNWD,Finward Bancorp
FOCL,EDAP TMS S.A.
FOFO,"Hang Feng Technology Innovation Co., Ltd."
FORM,"FormFactor, Inc."
FORR,"Forrester Research, Inc."
FORTY,Formula Systems (1985) Ltd.
FOSL,"Fossil Group, Inc."
FOX,Fox Corporation
FOXA,Fox Corporation
FOXF,Fox Factory Holding Corp.
FRAF,Franklin Financial Services Corporation
FRBA,First Bank
FRBT,"Forbright, Inc."
FRD,Friedman Industries Inc.
FRGT,"Freight Technologies, Inc."
FRHC,Freedom Holding Corp.
FRME,First Merchants Corporation
FRMI,Fermi Inc.
FRMM,"Forum Markets, Incorporated"
FRNM,"Freenome, Inc."
FROG,JFrog Ltd.
FRPH,"FRP Holdings, Inc."
FRPT,"Freshpet, Inc."
FRSH,Freshworks Inc.
FRST,Primis Financial Corp.
FRSX,Foresight Autonomous Holdings Ltd.
FRTT,Fort Technology Inc.
FRVO,Fervo Energy Company
FSBC,Five Star Bancorp
FSBW,"FS Bancorp, Inc."
FSEA,"First Seacoast Bancorp, Inc."
FSHP,Flag Ship Acquisition Corp.
FSLR,"First Solar, Inc."
FSLY,"Fastly, Inc."
FSTR,L.B. Foster Company
FSUN,FirstSun Capital Bancorp
FSV,FirstService Corporation
FTAI,FTAI Aviation Ltd.
FTCI,"FTC Solar, Inc."
FTDR,"Frontdoor, Inc."
FTEK,"Fuel Tech, Inc."
FTFT,Future FinTech Group Inc.
FTH,"Faeth Therapeutics, Inc."
FTHA,Forefront Tech Holdings Acquisition Corp
FTLF,"FitLife Brands, Inc."
FTNT,"Fortinet, Inc."
FTRE,Fortrea Holdings Inc.
FUFU,BitFuFu Inc.
FULC,"Fulcrum Therapeutics, Inc."
FULT,Fulton Financial Corporation
FUNC,First United Corporation
FUND,"Sprott Focus Trust, Inc."
FUSB,"First US Bancshares, Inc."
FUTU,Futu Holdings Limited
FVAV,Fortress Value Acquisition Corp. V
FVCB,"FVCBankcorp, Inc."
FWAC,Futurewave Acquisition Corporation
FWDI,"Forward Industries, Inc."
FWONA,Liberty Media Corporation
FWONK,Liberty Media Corporation
FWRD,Forward Air Corporation
FWRG,"First Watch Restaurant Group, Inc."
FXAC,FortuneX Acquisition Corporation
FXHO,UTime Limited
FXNC,First National Corporation
GABC,"German American Bancorp, Inc."
GAIA,"Gaia, Inc."
GAIN,Gladstone Investment Corporation
GALT,Galectin Therapeutics Inc.
GAME,"GameSquare Holdings, Inc."
GANX,"Gain Therapeutics, Inc."
GASS,"StealthGas, Inc."
GBDC,"Golub Capital BDC, Inc."
GBFH,GBank Financial Holdings Inc.
GBLI,"Global Indemnity Group, LLC"
GCBC,"Greene County Bancorp, Inc."
GCGR,General Catalyst Global Resilience Merger Corp.
GCMG,GCM Grosvenor Inc.
GCT,GigaCloud Technology Inc
GDC,GD Culture Group Limited
GDEV,GDEV Inc.
GDHG,Golden Heaven Group Holdings Ltd.
GDRX,"GoodRx Holdings, Inc."
GDS,GDS Holdings Limited
GDTC,CytoMed Therapeutics Limited
GDYN,"Grid Dynamics Holdings, Inc."
GECC,Great Elm Capital Corp.
GEG,"Great Elm Group, Inc."
GEHC,GE HealthCare Technologies Inc.
GEMI,"Gemini Space Station, Inc."
GEN,Gen Digital Inc.
GENB,"Generate Biomedicines, Inc."
GENK,"GEN Restaurant Group, Inc."
GEOS,Geospace Technologies Corporation
GERN,Geron Corporation
GEVO,"Gevo, Inc."
GFS,GlobalFoundries Inc.
GFUZ,General Fusion Group Ltd.
GGAL,Grupo Financiero Galicia S.A.
GGR,Gogoro Inc.
GH,"Guardant Health, Inc."
GHRS,GH Research PLC
GHXI,"Gores Holdings XI, Inc."
GIBO,GIBO Holdings Limited
GIGM,GigaMedia Limited
GIII,"G-III Apparel Group, LTD."
GILD,"Gilead Sciences, Inc."
GILT,Gilat Satellite Networks Ltd.
GITS,"Global Interactive Technologies, Inc. Common Stock"
GIW,GigCapital8 Corp.
GIX,GigCapital9 Corp.
GIXI,Gix Internet Ltd.
GLAD,Gladstone Capital Corporation
GLBE,Global-E Online Ltd.
GLBS,Globus Maritime Limited
GLIBA,Liberty Capital Corporation
GLIBK,Liberty Capital Corporation
GLND,Greenland Energy Company
GLNG,Golar LNG Limited
GLOO,"Gloo Holdings, Inc."
GLPI,"Gaming and Leisure Properties, Inc."
GLRE,"Greenlight Reinsurance, Ltd."
GLSI,"Greenwich LifeSciences, Inc."
GLUE,"Monte Rosa Therapeutics, Inc."
GLXG,Galaxy Payroll Group Limited
GLXY,Galaxy Digital Inc.
GMAB,Genmab A/S
GMEX,GMEX ROBOTICS CORPORATION
GMM,Global Mofy AI Limited
GNLN,"Greenlane Holdings, Inc."
GNLX,Genelux Corporation
GNPX,"Genprex, Inc."
GNSS,Genasys Inc.
GNTA,Genenta Science S.p.A.
GNTX,Gentex Corporation
GO,Grocery Outlet Holding Corp.
GOAI,Eva Live Inc.
GOGO,Gogo Inc.
GOOD,Gladstone Commercial Corporation
GOOG,Alphabet Inc.
GOOGL,Alphabet Inc.
GP,GreenPower Motor Company Inc.
GPAC,General Purpose Acquisition Corp.
GPAT,GP-Act III Acquisition Corp.
GPCR,Structure Therapeutics Inc.
GPRE,"Green Plains, Inc."
GPRO,"GoPro, Inc."
GRAB,Grab Holdings Limited
GRAL,"GRAIL, Inc."
GRAN,Grande Group Limited
GRCE,"Grace Therapeutics, Inc."
GRDX,GridAI Technologies Corp.
GRFS,"Grifols, S.A."
GRI,"GRI Bio, Inc."
GRML,Greenland Mines Ltd
GRNQ,Greenpro Capital Corp.
GROW,"U.S. Global Investors, Inc."
GRPN,"Groupon, Inc."
GRRR,Gorilla Technology Group Inc.
GRSD,Grandstand Limited
GRVY,"GRAVITY Co., Ltd."
GRWG,GrowGeneration Corp.
GSAT,"Globalstar, Inc."
GSBC,"Great Southern Bancorp, Inc."
GSHD,"Goosehead Insurance, Inc."
GSHR,Gesher Acquisition Corp. II
GSIT,"GSI Technology, Inc."
GSIW,Garden Stage Limited
GSM,Ferroglobe PLC
GSRF,GSR IV Acquisition Corp.
GSRV,GSR V Acquisition Corp.
GT,The Goodyear Tire & Rubber Company
GTBP,"GT Biopharma, Inc."
GTEC,Greenland Technologies Holding Corporation
GTEN,"Gores Holdings X, Inc."
GTERA,Globa Terra Acquisition Corporation
GTIM,Good Times Restaurants Inc.
GTLB,GitLab Inc.
GTM,ZoomInfo Technologies Inc.
GTX,Garrett Motion Inc.
GUAC,Berto Acquisition Corp. II
GVH,Globavend Holdings Limited
GWAV,"Greenwave Technology Solutions, Inc."
GWRS,"Global Water Resources, Inc."
GXAI,Gaxos.ai Inc.
GYGY,"Game Your Game, Inc."
GYRE,"Gyre Therapeutics, Inc."
GYRO,"Gyrodyne , LLC"
HACQ,HCM IV Acquisition Corp.
HAFC,Hanmi Financial Corporation
HALO,"Halozyme Therapeutics, Inc."
HAO,Haoxi Health Technology Limited
HAPN,"Happen, Inc."
HAS,"Hasbro, Inc."
HAVA,Harvard Ave Acquisition Corporation
HBAN,Huntington Bancshares Incorporated
HBCP,"Home Bancorp, Inc."
HBIO,"Harvard Bioscience, Inc."
HBNB,Hotel101 Global Holdings Corp.
HBNC,"Horizon Bancorp, Inc."
HBT,"HBT Financial, Inc."
HCAC,Hall Chadwick Acquisition Corp.
HCAI,"Huachen AI Parking Management Technology Holding Co., Ltd."
HCAT,"Health Catalyst, Inc"
HCHL,Happy City Holdings Limited
HCIC,Hennessy Capital Investment Corp. VIII
HCKT,"The Hackett Group, Inc."
HCM,HUTCHMED (China) Limited
HCMA,HCM III Acquisition Corp.
HCSG,"Healthcare Services Group, Inc."
HCTI,"Healthcare Triangle, Inc."
HCWB,HCW Biologics Inc.
HDL,SUPER HI INTERNATIONAL HOLDING LTD.
HDRN,"Hadron Energy, Inc."
HDSN,"Hudson Technologies, Inc."
HELE,Helen of Troy Limited
HELP,Cybin Inc.
HEPS,D-Market Electronic Services & Trading
HERE,Here Group Limited
HERZ,"Herzfeld Credit Income Fund, Inc."
HFBL,"Home Federal Bancorp, Inc. of Louisiana"
HFFG,HF Foods Group Inc.
HFWA,Heritage Financial Corporation
HGBL,Heritage Global Inc.
HHS,"Harte Hanks, Inc."
HIFS,Hingham Institution for Savings
HIMX,"Himax Technologies, Inc."
HIND,"Vyome Holdings, Inc."
HIT,"Health In Tech, Inc."
HITI,High Tide Inc.
HIVE,HIVE Digital Technologies Ltd
HKIT,Hitek Global Inc.
HLIT,Harmonic Inc.
HLMN,Hillman Solutions Corp.
HLNE,Hamilton Lane Incorporated
HLP,Hongli Group Inc.
HMH,HMH Holding Inc.
HMR,Heidmar Maritime Holdings Corp.
HNNA,"Hennessy Advisors, Inc."
HNRG,Hallador Energy Company
HNST,"The Honest Company, Inc."
HNVR,"Hanover Bancorp, Inc."
HOFT,Hooker Furnishings Corporation
HOLO,MicroCloud Hologram Inc.
HON,Honeywell International Inc.
HONA,Honeywell Aerospace Inc.
HOOD,"Robinhood Markets, Inc."
HOPE,"Hope Bancorp, Inc."
HOUR,"Hour Loop, Inc."
HOVR,New Horizon Aircraft Ltd.
HPK,"HighPeak Energy, Inc."
HQ,Horizon Quantum Holdings Ltd.
HQI,"HireQuest, Inc."
HQY,"HealthEquity, Inc."
HRMY,"Harmony Biosciences Holdings, Inc."
HROW,"Harrow, Inc."
HRZN,Horizon Technology Finance Corporation
HSAI,Hesai Group
HSDT,Solana Company
HSIC,"Henry Schein, Inc."
HST,"Host Hotels & Resorts, Inc."
HSTM,"HealthStream, Inc."
HTCO,High-Trend International Group
HTCR,"Heartcore Enterprises, Inc."
HTFL,"Heartflow, Inc."
HTHT,H World Group Limited
HTLD,"Heartland Express, Inc."
HTLM,HomesToLife Ltd
HTO,H2O America
HTOO,Fusion Fuel Green PLC
HTZ,"Hertz Global Holdings, Inc"
HUBC,Hub Cyber Security Ltd.
HUCK,"Huckleberry.ai, Inc."
HUHU,HUHUTECH International Group Inc.
HUIZ,Huize Holding Limited
HURA,"TuHURA Biosciences, Inc."
HURC,"Hurco Companies, Inc."
HURN,Huron Consulting Group Inc.
HUT,Hut 8 Corp.
HVMC,Highview Merger Corp.
HWBK,"Hawthorn Bancshares, Inc."
HWC,Hancock Whitney Corporation
HWKN,"Hawkins, Inc."
HYFT,MindWalk Holdings Corp.
HYMC,Hycroft Mining Holding Corporation
HYNE,"Hoyne Bancorp, Inc."
HYPD,"Hyperion DeFi, Inc."
IA,"Innovative Solutions and Support, Inc."
IACO,Idea Acquisition Corp.
IACQ,Irenic Acquisition Corp.
IART,Integra LifeSciences Holdings Corporation
IBAC,IB Acquisition Corp.
IBCP,Independent Bank Corporation
IBEX,IBEX Limited
IBG,Innovation Beverage Group Limited
IBIO,"iBio, Inc."
IBKR,"Interactive Brokers Group, Inc."
IBOC,International Bancshares Corporation
IBRX,"ImmunityBio, Inc."
ICCC,ImmuCell Corporation
ICCM,IceCure Medical Ltd.
ICFI,"ICF International, Inc."
ICG,Intchains Group Limited
ICHR,Ichor Holdings
ICLR,ICON plc
ICON,Icon Energy Corp.
ICU,SeaStar Medical Holding Corporation
ICUI,"ICU Medical, Inc."
IDAC,Iron Dome Acquisition I Corp.
IDAI,T Stamp Inc.
IDCC,"InterDigital, Inc."
IDN,"Intellicheck, Inc."
IDXX,"IDEXX Laboratories, Inc."
IDYA,"IDEAYA Biosciences, Inc."
IEAG,Infinite Eagle Acquisition Corp.
IESC,"IES Holdings, Inc."
IFBD,"Infobird Co., Ltd"
IFRX,InflaRx N.V.
IGAC,Invest Green Acquisition Corporation
IGIC,International General Insurance Holdings Ltd.
IHRT,"iHeartMedia, Inc."
III,"Information Services Group, Inc."
IIIV,"i3 Verticals, Inc."
IKT,"Inhibikase Therapeutics, Inc."
ILAG,Intelligent Living Application Group Inc.
ILLU,Illumination Acquisition Corp I
ILMN,"Illumina, Inc."
IMA,"ImageneBio, Inc."
IMCC,IM Cannabis Corp.
IMCR,Immunocore Holdings plc
IMDX,Insight Molecular Diagnostics Inc.
IMKTA,"Ingles Markets, Incorporated"
IMMR,Immersion Corporation
IMMX,"Immix Biopharma, Inc."
IMNM,"Immunome, Inc."
IMNN,"Imunon, Inc."
IMOS,ChipMOS TECHNOLOGIES INC.
IMPP,Imperial Petroleum Inc.
IMRN,Immuron Limited
IMRX,Immuneering Corporation
IMSR,Terrestrial Energy Inc.
IMTX,Immatics N.V.
IMUX,"Immunic, Inc."
IMVT,"Immunovant, Inc."
IMXI,"International Money Express, Inc."
INAB,"IN8bio, Inc."
INAC,Indigo Acquisition Corp.
INBK,First Internet Bancorp
INBS,Intelligent Bio Solutions Inc.
INBX,"Inhibrx Biosciences, Inc."
INCR,Intercure Ltd.
INCY,Incyte Corporation
INDB,Independent Bank Corp.
INDI,"indie Semiconductor, Inc."
INDP,"Indaptus Therapeutics, Inc."
INDV,"Indivior Pharmaceuticals, Inc."
INGN,"Inogen, Inc"
INHD,Inno Holdings Inc.
INIO,INNIO N.V.
INKT,"MiNK Therapeutics, Inc."
INLF,INLIF LIMITED
INMB,INmune Bio Inc.
INMD,InMode Ltd.
INNV,InnovAge Holding Corp.
INO,"Inovio Pharmaceuticals, Inc."
INOD,Innodata Inc.
INSE,"Inspired Entertainment, Inc."
INSG,Inseego Corp.
INSM,Insmed Incorporated
INTA,"Intapp, Inc."
INTC,Intel Corporation
INTG,The Intergroup Corporation
INTJ,Intelligent Group Limited
INTR,Inter & Co. Inc.
INTS,"Intensity Therapeutics, Inc."
INTU,Intuit Inc.
INV,"Innventure, Inc."
INVA,"Innoviva, Inc."
INVE,"INVE Technologies, Inc."
IOND,Ionic Digital Inc.
IONR,ioneer Ltd
IONS,"Ionis Pharmaceuticals, Inc."
IOSP,Innospec Inc.
IOTR,iOThree Limited
IOVA,"Iovance Biotherapeutics, Inc."
IPAR,"Interparfums, Inc."
IPEX,Inflection Point Acquisition Corp.
IPFX,Inflection Point Acquisition Corp. VI
IPGP,IPG Photonics Corporation
IPHA,Innate Pharma S.A.
IPM,Intelligent Protection Management Corp.
IPSC,"Century Therapeutics, Inc."
IPVV,"InterPrivate Investment Partners V, Inc."
IPW,iPower Inc.
IPWR,Ideal Power Inc.
IPX,IperionX Limited
IPXG,Inection Point Acquisition Corp. VII
IQ,"iQIYI, Inc."
IQMX,IQM Quantum Computers Oyj
IQST,iQSTEL Inc.
IRD,"Opus Genetics, Inc."
IRDM,Iridium Communications Inc
IREN,IREN Limited
IRHO,Iron Horse Acquisitions II Corp.
IRMD,iRadimed Corporation
IRON,"Disc Medicine, Inc."
IRTC,"iRhythm Holdings, Inc."
IRWD,"Ironwood Pharmaceuticals, Inc."
ISBA,Isabella Bank Corporation
ISNR,Snow Rothschild Acquisition Corp.
ISPR,Ispire Technology Inc.
ISRG,"Intuitive Surgical, Inc."
ISTR,Investar Holding Corporation
ITG,"ITG, Inc."
ITHA,ITHAX Acquisition Corp III
ITIC,Investors Title Company
ITRI,"Itron, Inc."
ITRN,Ituran Location and Control Ltd.
IVA,Inventiva S.A.
IVF,"INVO Fertility, Inc."
IXHL,Incannex Healthcare Inc.
IZEA,"IZEA Worldwide, Inc."
JACK,Jack In The Box Inc.
JAGX,"Jaguar Health, Inc."
JAKK,"JAKKS Pacific, Inc."
JANX,"Janux Therapeutics, Inc."
JATT,JATT II Acquisition Corp
JAZZ,Jazz Pharmaceuticals plc
JBDI,JBDI Holdings Limited
JBHT,"J.B. Hunt Transport Services, Inc."
JBIO,"Jade Biosciences, Inc."
JBLU,JetBlue Airways Corporation
JBSS,"John B. Sanfilippo & Son, Inc."
JCAP,"Jefferson Capital, Inc."
JCSE,JE Cleantech Holdings Limited
JCTC,Jewett-Cameron Trading Company
JD,"JD.com, Inc."
JDZG,JIADE LIMITED
JEM,707 Cayman Holdings Limited
JF,J and Friends Holdings Limited
JFIN,Jiayin Group Inc.
JFU,9F Inc.
JG,Aurora Mobile Limited
JJSF,J & J Snack Foods Corp.
JKHY,"Jack Henry & Associates, Inc."
JL,J-Long Group Limited
JLHL,Julong Holding Limited
JMSB,"John Marshall Bancorp, Inc."
JONE,Jones Ventures INTL Acquisition1 Corp
JOUT,Johnson Outdoors Inc.
JOYY,JOYY Inc.
JRSH,"Jerash Holdings (US), Inc."
JRVR,"James River Group Holdings, Inc."
JTAI,Jet.AI Inc.
JTTT,JATT III Acquisition Corp
JVA,"Coffee Holding Co., Inc."
JWEL,Jowell Global Ltd.
JXG,JX Luxventure Group Inc.
JYD,Jayud Global Logistics Limited
JYNT,The Joint Corp.
JZ,Jianzhi Education Technology Group Company Limited
JZXN,"Jiuzi Holdings, Inc."
KALU,Kaiser Aluminum Corporation
KARD,"Kardigan, Inc."
KARO,Karooooo Ltd.
KAZR,Skyline Builders Group Holding Limited
KBON,Karbon Capital Partners Corp.
KBSX,FST Corp.
KC,Kingsoft Cloud Holdings Limited
KCHV,Kochav Defense Acquisition Corp.
KDK,"Kodiak AI, Inc."
KDP,Keurig Dr Pepper Inc.
KE,"Kimball Electronics, Inc."
KEEL,Keel Infrastructure Corp.
KELYA,"Kelly Services, Inc."
KELYB,"Kelly Services, Inc."
KEQU,Kewaunee Scientific Corporation
KEYY,Keystone Acquisition Corp.
KFFB,Kentucky First Federal Bancorp
KFII,K&F Growth Acquisition Corp. II
KG,"Kestrel Group, Ltd."
KGEI,Kolibri Global Energy Inc.
KIDS,OrthoPediatrics Corp.
KIDZ,KIDZ AI Inc.
KINS,"Kingstone Companies, Inc"
KLAC,KLA Corporation
KLIC,"Kulicke and Soffa Industries, Inc."
KLRA,"Kailera Therapeutics, Inc."
KLRS,"Kalaris Therapeutics, Inc."
KLTR,"Kaltura, Inc."
KLXE,"KLX Energy Services Holdings, Inc."
KMB,Kimberly-Clark Corporation
KMDA,Kamada Ltd.
KMRK,K-Tech Solutions Company Limited
KMTS,"Kestra Medical Technologies, Ltd."
KNSA,"Kiniksa Pharmaceuticals International, plc"
KOD,Kodiak Sciences Inc
KOPN,Kopin Corporation
KOSS,Koss Corporation
KOYN,CSLM Digital Asset Acquisition Corp III
KPLT,"Katapult Holdings, Inc."
KPRX,"Kiora Pharmaceuticals, Inc."
KPTI,Karyopharm Therapeutics Inc.
KRAQ,KRAKacquisition Corp
KRKR,36Kr Holdings Inc.
KRMD,"KORU Medical Systems, Inc."
KRNT,Kornit Digital Ltd.
KRNY,Kearny Financial
KROS,"Keros Therapeutics, Inc."
KRRO,"Korro Bio, Inc."
KRSA,"Korsana Biosciences, Inc."
KRT,Karat Packaging Inc.
KRUS,"Kura Sushi USA, Inc."
KRYS,"Krystal Biotech, Inc."
KSCP,"Knightscope, Inc."
KSPI,Joint Stock Company Kaspi.kz
KTCC,Key Tronic Corporation
KTOS,"Kratos Defense & Security Solutions, Inc."
KTWO,K2 Capital Acquisition Corporation
KURA,"Kura Oncology, Inc."
KUST,"Kustom Entertainment, Inc."
KVHI,"KVH Industries, Inc."
KXIN,Kaixin Holdings
KYIV,Kyivstar Group Ltd.
KYMR,"Kymera Therapeutics, Inc."
KYTX,"Kyverna Therapeutics, Inc."
KZIA,Kazia Therapeutics Limited
LABT,Lakewood-Amedex Biotherapeutics Inc.
LAES,SEALSQ Corp
LAFA,LaFayette Acquisition Corp.
LAKE,"Lakeland Industries, Inc."
LAMR,Lamar Advertising Company
LAND,Gladstone Land Corporation
LARK,Landmark Bancorp Inc.
LASE,Laser Photonics Corporation
LASR,"nLIGHT, Inc."
LATA,Galata Acquisition Corp. II
LAUR,"Laureate Education, Inc."
LAWR,"Robot Consulting Co., Ltd."
LBGJ,Li Bang International Corporation Inc.
LBRX,LB Pharmaceuticals Inc
LBTYA,Liberty Global Ltd.
LBTYB,Liberty Global Ltd.
LBTYK,Liberty Global Ltd.
LCCC,Lakeshore Acquisition III Corp.
LCFY,Locafy Limited
LCID,"Lucid Group, Inc."
LCNB,LCNB Corporation
LCUT,"Lifetime Brands, Inc."
LE,"Lands' End, Inc."
LECO,"Lincoln Electric Holdings, Inc."
LEDS,SemiLEDS Corporation
LEE,"Lee Enterprises, Incorporated"
LEGH,Legacy Housing Corporation
LEGN,Legend Biotech Corporation
LENZ,"LENZ Therapeutics, Inc."
LESL,"Leslie's, Inc."
LEXX,Lexaria Bioscience Corp.
LFAC,Leapfrog Acquisition Corporation
LFCR,"Lifecore Biomedical, Inc."
LFMD,"LifeMD, Inc."
LFS,"LEIFRAS Co., Ltd."
LFST,"LifeStance Health Group, Inc."
LFTO,"Liftoff Mobile, Inc."
LFUS,"Littelfuse, Inc."
LFVN,Lifevantage Corporation
LFWD,Lifeward Ltd.
LGCL,Lucas GC Limited
LGHL,Lion Group Holding Ltd.
LGIH,"LGI Homes, Inc."
LGN,Legence Corp.
LGND,Ligand Pharmaceuticals Incorporated
LGVN,Longeveron Inc.
LHAI,Linkhome Holdings Inc.
LHSW,Lianhe Sowell International Group Ltd
LI,Li Auto Inc.
LICN,Lichen International Limited
LIDR,"AEye, Inc."
LIEN,"Chicago Atlantic BDC, Inc."
LIF,"Life360, Inc."
LIFE,Ethos Technologies Inc.
LILA,Liberty Latin America Ltd.
LILAK,Liberty Latin America Ltd.
LILAP,Liberty Latin America Ltd.
LIME,"Neutron Holdings, Inc."
LIMN,"Liminatus Pharma, Inc."
LIN,Linde plc
LINC,Lincoln Educational Services Corporation
LIND,Lindblad Expeditions Holdings Inc.
LINE,"Lineage, Inc."
LINK,"Interlink Electronics, Inc."
LITE,Lumentum Holdings Inc.
LITS,"Lite Strategy, Inc."
LIVE,Live Ventures Incorporated
LIVN,LivaNova PLC
LKFN,Lakeland Financial Corporation
LKFT,Lakefront Biotherapeutics
LKQ,LKQ Corporation
LKSP,Lake Superior Acquisition Corp.
LLYVA,"Liberty Live Holdings, Inc."
LLYVK,"Liberty Live Holdings, Inc."
LMAT,"LeMaitre Vascular, Inc."
LMB,"Limbach Holdings, Inc."
LMNR,Limoneira Co
LMRI,"Lumexa Imaging Holdings, Inc."
LNAI,Lunai Bioworks Inc.
LNKS,Linkers Industries Limited
LNSR,"LENSAR, Inc."
LNT,Alliant Energy Corporation
LNTH,"Lantheus Holdings, Inc."
LNZA,"LanzaTech Global, Inc."
LOAN,"Manhattan Bridge Capital, Inc"
LOCO,"El Pollo Loco Holdings, Inc."
LOGI,Logitech International S.A.
LONA,"LeonaBio, Inc."
LOPE,"Grand Canyon Education, Inc."
LOT,Lotus Technology Inc.
LOVE,The Lovesac Company
LPAA,Launch One Acquisition Corp.
LPBB,Launch Two Acquisition Corp.
LPCN,Lipocine Inc.
LPCV,Launchpad Cadenza Acquisition Corp I
LPLA,LPL Financial Holdings Inc.
LPTH,"LightPath Technologies, Inc."
LQDA,Liquidia Corporation
LQDT,"Liquidity Services, Inc."
LRCX,Lam Research Corporation
LRE,"Lead Real Estate Co., Ltd"
LRMR,"Larimar Therapeutics, Inc."
LSAK,"Lesaka Technologies, Inc."
LSBK,"Lake Shore Bancorp, Inc."
LSCC,Lattice Semiconductor Corporation
LSE,"Leishen Energy Holding Co., Ltd."
LSTA,"Lisata Therapeutics, Inc."
LSTR,"Landstar System, Inc."
LTBR,Lightbridge Corporation
LTGO,"Latigo Biotherapeutics, Inc."
LTGR,Long Table Growth Corp.
LTRN,Lantern Pharma Inc.
LTRX,"Lantronix, Inc."
LUCD,Lucid Diagnostics Inc.
LUCY,"Innovative Eyewear, Inc."
LULU,lululemon athletica inc.
LUNG,Pulmonx Corporation
LUNR,"Intuitive Machines, Inc."
LVLU,"Lulu's Fashion Lounge Holdings, Inc."
LVO,"LiveOne, Inc."
LWAC,LightWave Acquisition Corp.
LWAY,"Lifeway Foods, Inc."
LWLG,"Lightwave Logic, Inc."
LX,LexinFintech Holdings Ltd.
LXEH,"Lixiang Education Holding Co., Ltd."
LXEO,"Lexeo Therapeutics, Inc."
LXRX,"Lexicon Pharmaceuticals, Inc."
LYEL,"Lyell Immunopharma, Inc."
LYFT,"Lyft, Inc."
LYTS,LSI Industries Inc.
LZ,"LegalZoom.com, Inc."
LZMH,LZ Technology Holdings Limited
MAAS,Maase Inc.
MACI,Melar Acquisition Corp. I
MAKO,Mako Mining Corp
MAMA,"Mama's Creations, Inc."
MAMO,Massimo Group
MANH,"Manhattan Associates, Inc."
MAR,Marriott International
MARA,"MARA Holdings, Inc."
MASK,3 E Network Technology Group Ltd
MASS,908 Devices Inc.
MAT,"Mattel, Inc."
MATH,Metalpha Technology Holding Limited
MATW,Matthews International Corporation
MAYS,"J. W. Mays, Inc."
MAZE,"Maze Therapeutics, Inc."
MB,MasterBeef Group
MBAI,MBody AI Ltd.
MBBC,"Marathon Bancorp, Inc."
MBIN,Merchants Bancorp
MBLY,Mobileye Global Inc.
MBOT,Microbot Medical Inc.
MBUU,"Malibu Boats, Inc."
MBVI,M3-Brigade Acquisition VI Corp.
MBWM,Mercantile Bank Corporation
MBX,"MBX Biosciences, Inc."
MCAH,Mountain Crest Acquisition 6 Corp.
MCBS,"MetroCity Bankshares, Inc."
MCFT,"MasterCraft Boat Holdings, Inc."
MCGA,Yorkville Acquisition Corp.
MCHB,Mechanics Bancorp
MCHP,Microchip Technology Incorporated
MCHX,"Marchex, Inc."
MCRB,"Seres Therapeutics, Inc."
MCRI,"Monarch Casino & Resort, Inc."
MCTA,Charming Medical Limited
MDAI,"Spectral AI, Inc."
MDB,"MongoDB, Inc."
MDBH,"MDB Capital Holdings, LLC"
MDGL,"Madrigal Pharmaceuticals, Inc."
MDIA,Mediaco Holding Inc.
MDLN,Medline Inc.
MDLZ,"Mondelez International, Inc."
MDRR,"Medalist Diversified, Inc."
MDWD,MediWound Ltd.
MDXG,"MiMedx Group, Inc"
MEDP,"Medpace Holdings, Inc."
MEGL,Magic Empire Global Limited
MELI,"MercadoLibre, Inc."
MENS,Jyong Biotech Ltd.
MEOH,Methanex Corporation
MESH,Meshflow Acquisition Corp.
MESO,Mesoblast Limited
META,"Meta Platforms, Inc."
METC,"Ramaco Resources, Inc."
METCB,"Ramaco Resources, Inc."
MEVO,M Evo Global Acquisition Corp II
MF,MindForge Inc.
MFI,mF International Limited
MFIC,MidCap Financial Investment Corporation
MFIN,Medallion Financial Corp.
MFP,"Midera Food Processing, Inc."
MGEE,MGE Energy Inc.
MGIH,Millennium Group International Holdings Limited
MGNI,"Magnite, Inc."
MGNX,"MacroGenics, Inc."
MGPI,"MGP Ingredients, Inc."
MGRC,McGrath RentCorp
MGRT,Mega Fortune Company Limited
MGTX,MeiraGTx Holdings plc
MGX,"Metagenomi Therapeutics, Inc."
MGYR,"Magyar Bancorp, Inc."
MIAC,Meridian3 Industrials Acquisition Corp
MIDD,The Middleby Corporation
MIMI,Mint Incorporation Limited
MIND,"MIND Technology, Inc."
MIRM,"Mirum Pharmaceuticals, Inc."
MIST,Milestone Pharmaceuticals Inc.
MITK,"Mitek Systems, Inc."
MKDW,MKDWELL Tech Inc.
MKLY,McKinley Acquisition Corporation
MKSI,MKS Inc.
MKTW,"MarketWise, Inc."
MKTX,"MarketAxess Holdings, Inc."
MKZR,"MacKenzie Realty Capital, Inc."
MLAA,Mountain Lake Acquisition Corp. II
MLAB,"Mesa Laboratories, Inc."
MLCI,Mount Logan Capital Inc.
MLCO,Melco Resorts & Entertainment Limited
MLEC,Moolec Science SA
MLGO,"MicroAlgo, Inc."
MLKN,"MillerKnoll, Inc."
MLTX,MoonLake Immunotherapeutics
MLYS,"Mineralys Therapeutics, Inc."
MMED,"MiniMed Group, Inc."
MMSI,"Merit Medical Systems, Inc."
MMTX,Miluna Acquisition Corp
MMYT,MakeMyTrip Limited
MNDR,Mobile-health Network Solutions
MNDY,monday.com Ltd.
MNKD,MannKind Corporation
MNOV,"MediciNova, Inc."
MNPR,Monopar Therapeutics Inc.
MNRO,"Monro, Inc."
MNSB,"MainStreet Bancshares, Inc."
MNSBP,"MainStreet Bancshares, Inc."
MNST,Monster Beverage Corporation
MNTK,"Montauk Renewables, Inc."
MNTS,Momentus Inc.
MOB,Mobilicom Limited
MOBI,"Mobia Medical, Inc."
MOBX,"Mobix Labs, Inc."
MODD,"Modular Medical, Inc."
MOLN,Molecular Partners AG
MOMO,Hello Group Inc.
MORN,"Morningstar, Inc."
MOVE,"Corvex, Inc."
MPAA,"Motorcar Parts of America, Inc."
MPB,Mid Penn Bancorp
MPLT,"MapLight Therapeutics, Inc."
MPWR,"Monolithic Power Systems, Inc."
MQ,"Marqeta, Inc."
MRAM,"Everspin Technologies, Inc."
MRBK,Meridian Corporation
MRCO,Mercator Acquisition Corp.
MRCY,Mercury Systems Inc
MRDN,Meridian Holdings Inc.
MRKR,"Marker Therapeutics, Inc."
MRLN,"Merlin, Inc."
MRNA,"Moderna, Inc."
MRTN,"Marten Transport, Ltd."
MRVI,"Maravai LifeSciences Holdings, Inc."
MRVL,"Marvell Technology, Inc."
MRX,Marex Group Limited
MSAI,"MultiSensor AI Holdings, Inc."
MSBI,"Midland States Bancorp, Inc."
MSEX,Middlesex Water Company
MSFT,Microsoft Corporation
MSGM,Motorsport Games Inc.
MSGY,Masonglory Limited
MSLE,Satellos Bioscience Inc.
MSTR,Strategy Inc
MTAK,Market Technology Acquisition Corp
MTC,"MMTec, Inc."
MTCH,"Match Group, Inc."
MTEK,Maris-Tech Ltd.
MTEN,Mingteng International Corporation Inc.
MTLS,Materialise NV
MTRX,Matrix Service Company
MTSI,"MACOM Technology Solutions Holdings, Inc."
MTVA,MetaVia Inc.
MU,"Micron Technology, Inc."
MUZE,Muzero Acquisition Corp
MVBF,MVB Financial Corp.
MVIS,"MicroVision, Inc."
MWC,"Micware Co., Ltd."
MWH,"SOLV Energy, Inc."
MWYN,"Marwynn Holdings, Inc."
MXCT,"MaxCyte, Inc."
MXL,"MaxLinear, Inc"
MYFW,"First Western Financial, Inc."
MYGN,"Myriad Genetics, Inc."
MYRG,"MYR Group, Inc."
MYSE,"Myseum.AI, Inc."
MYX,Maywood Acquisition Corp. 2
MZTI,The Marzetti Company
NAAS,NaaS Technology Inc.
NAGE,"Niagen Bioscience, Inc."
NAII,"Natural Alternatives International, Inc."
NAKA,Nakamoto Inc.
NAMI,Jinxin Technology Holding Company
NAMM,Namib Minerals
NAMS,NewAmsterdam Pharma Company N.V.
NATH,"Nathan's Famous, Inc."
NATR,"Nature's Sunshine Products, Inc."
NAUT,"Nautilus Biotechnology, Inc."
NAVI,Navient Corporation
NAVN,"Navan, Inc."
NB,NioCorp Developments Ltd.
NBBK,"NB Bancorp, Inc."
NBIS,Nebius Group N.V.
NBIX,"Neurocrine Biosciences, Inc."
NBN,Northeast Bank
NBP,NovaBridge Biosciences
NBRG,Newbridge Acquisition Limited
NBTB,NBT Bancorp Inc.
NBTX,Nanobiotix S.A.
NCEL,NewcelX Ltd.
NCEW,New Century Logistics (BVI) Limited
NCI,Neo-Concept International Group Holdings Limited
NCMI,"National CineMedia, Inc."
NCNA,NuCana plc
NCNO,"nCino, Inc."
NCO,Southern Cross Acquisition I Corp.
NCRA,"Nocera, Inc."
NCT,Intercont (Cayman) Limited
NCTY,The9 Limited
NDAQ,"Nasdaq, Inc."
NDLS,Noodles & Company
NDRA,ENDRA Life Sciences Inc.
NDSN,Nordson Corporation
NECB,"NorthEast Community Bancorp, Inc."
NEGG,"Newegg Commerce, Inc."
NEO,"NeoGenomics, Inc."
NEOG,Neogen Corporation
NEOV,NeoVolta Inc.
NEPH,"Nephros, Inc."
NERV,"Minerva Neurosciences, Inc"
NESR,National Energy Services Reunited Corp
NEUP,Neuphoria Therapeutics Inc.
NEWT,"NewtekOne, Inc."
NEXM,NexMetals Mining Corp.
NEXN,Nexxen International Ltd.
NEXR,Nexera Technologies Ltd
NEXT,NextDecade Corporation
NFLX,"Netflix, Inc."
NGEN,NervGen Pharma Corp.
NGNE,Neurogene Inc.
NHIV,NewHold Investment Corp IV
NHP,"National Healthcare Properties, Inc."
NHTC,Natural Health Trends Corp.
NICE,NICE Ltd
NICM,Nicola Mining Inc.
NIKI,"Niki BioSolutions, Inc."
NIPG,NIP Group Inc.
NIU,Niu Technologies
NIVF,NewGenIvf Group Limited
NKLR,Terra Innovatum Global N.V.
NKSH,"National Bankshares, Inc."
NKTR,Nektar Therapeutics
NKTX,"Nkarta, Inc."
NMAD,"Nomad Power Solutions, Inc."
NMFC,New Mountain Finance Corporation
NMIH,NMI Holdings Inc
NMP,NMP Acquisition Corp.
NMRA,"Neumora Therapeutics, Inc."
NMRK,"Newmark Group, Inc."
NMTC,NeuroOne Medical Technologies Corporation
NN,NextNav Inc.
NNBR,"NN, Inc."
NNDM,Nano Dimension Ltd.
NNE,Nano Nuclear Energy Inc.
NNNN,Anbio Biotechnology
NNOX,NANO-X IMAGING LTD
NODK,"NI Holdings, Inc."
NOEM,CO2 Energy Transition Corp.
NOMA,NOMADAR Corp.
NOVT,Novanta Inc.
NPAC,New Providence Acquisition Corp. III
NPCE,"Neuropace, Inc."
NPT,Texxon Holding Limited
NRC,NRC Health
NRDS,"NerdWallet, Inc."
NRIM,Northrim BanCorp Inc
NRIX,"Nurix Therapeutics, Inc."
NRXP,"NRX Pharmaceuticals, Inc."
NSAI,NorthStrive Acquisition Corp I.
NSIT,"Insight Enterprises, Inc."
NSLR,Neostellar Capital Corp.
NSSC,"NAPCO Security Technologies, Inc."
NSTS,"NSTS Bancorp, Inc."
NSYS,Nortech Systems Incorporated
NTAP,"NetApp, Inc."
NTCL,NETCLASS TECHNOLOGY INC
NTCT,"NetScout Systems, Inc."
NTES,"NetEase, Inc."
NTGR,"NETGEAR, Inc."
NTHI,"NeOnc Technologies Holdings, Inc."
NTIC,Northern Technologies International Corporation
NTLA,"Intellia Therapeutics, Inc."
NTNX,"Nutanix, Inc."
NTRA,"Natera, Inc."
NTRB,Nutriband Inc.
NTRP,"NextTrip, Inc."
NTRS,Northern Trust Corporation
NTSK,"Netskope, Inc."
NTWK,NETSOL Technologies Inc.
NTWO,Newbury Street II Acquisition Corp
NUAI,"New Era Energy & Digital, Inc."
NUCL,Eagle Nuclear Energy Corp.
NUR,Nuran Wireless Inc.
NUTX,Nutex Health Inc.
NUWE,"Nuwellis, Inc."
NVAX,"Novavax, Inc."
NVCR,NovoCure Limited
NVCT,"Nuvectis Pharma, Inc."
NVDA,NVIDIA Corporation
NVEC,NVE Corporation
NVMI,Nova Ltd.
NVNO,enVVeno Medical Corporation
NVTS,Navitas Semiconductor Corporation
NVX,NOVONIX Limited
NWBI,"Northwest Bancshares, Inc."
NWCL,newcleo plc
NWE,"NorthWestern Energy Group, Inc."
NWFL,Norwood Financial Corp.
NWGL,CL Workshop Group Limited
NWL,Newell Brands Inc.
NWPX,"NWPX Infrastructure, Inc."
NWS,News Corporation
NWSA,News Corporation
NXAT,Nexus Advanced Technologies Inc.
NXH,"Neighborhood Intelligence, Inc."
NXPI,NXP Semiconductors N.V.
NXPL,NextPlat Corp
NXST,"Nexstar Media Group, Inc."
NXT,Nextpower Inc.
NXTC,"NextCure, Inc."
NXTT,Next Technology Holding Inc.
NYAX,Nayax Ltd.
NYXH,Nyxoah SA
OABI,"OmniAb, Inc."
OACC,Oaktree Acquisition Corp. III Life Sciences
OBA,Oxley Bridge Acquisition Limited
OBIO,"Orchestra BioMed Holdings, Inc."
OBT,"Orange County Bancorp, Inc."
OBX,"Obsidian Therapeutics, Inc."
OCC,Optical Cable Corporation
OCCI,"OFS Credit Company, Inc."
OCFC,OceanFirst Financial Corp.
OCG,Oriental Culture Holding LTD
OCGN,"Ocugen, Inc."
OCLT,OceanLight Acquisition Corporation
OCS,Oculis Holding AG
OCSL,Oaktree Specialty Lending Corporation
OCTV,Octave Intelligence plc
OCUL,"Ocular Therapeutix, Inc."
ODD,ODDITY Tech Ltd.
ODFL,"Old Dominion Freight Line, Inc."
ODTX,"Odyssey Therapeutics, Inc."
ODYS,Odysight.ai Inc.
OESX,"Orion Energy Systems, Inc."
OFIX,Orthofix Medical Inc.
OFLX,"Omega Flex, Inc."
OFS,OFS Capital Corporation
OGI,Organigram Global Inc.
OHAC,Oceanhawk Acquisition Corp.
OIG,Orion180 Insurance Group Inc.
OIM,OneIM Acquisition Corp.
OIO,OIO Group
OKTA,"Okta, Inc."
OKUR,"OnKure Therapeutics, Inc."
OKYO,OKYO Pharma Limited
OLED,Universal Display Corporation
OLLI,"Ollie's Bargain Outlet Holdings, Inc."
OLMA,"Olema Pharmaceuticals, Inc."
OLOX,Olenox Industries Inc.
OM,"Outset Medical, Inc."
OMAB,Grupo Aeroportuario del Centro Norte S.A.B. de C.V.
OMCL,"Omnicell, Inc."
OMDA,"Omada Health, Inc."
OMER,Omeros Corporation
OMH,Ohmyhome Limited
OMSE,OMS Energy Technologies Inc.
ON,ON Semiconductor Corporation
ONB,Old National Bancorp
ONC,BeOne Medicines Ltd.
ONCH,1RT Acquisition Corp.
ONCO,"Onconetix, Inc."
ONDS,Ondas Inc
ONEG,OneConstruction Group Limited
ONEN,ONE Nuclear Energy Inc.
ONEW,OneWater Marine Inc.
OPAD,Offerpad Solutions Inc.
OPAL,OPAL Fuels Inc.
OPBK,OP Bancorp
OPCH,"Option Care Health, Inc."
OPEN,Opendoor Technologies Inc
OPK,"Opko Health, Inc."
OPRA,Opera Limited
OPRT,Oportun Financial Corporation
OPRX,OptimizeRx Corporation
OPTH,Optimi Health Corp.
OPTX,"Syntec Optics Holdings, Inc."
OPXS,"Optex Systems Holdings, Inc."
ORGO,Organogenesis Holdings Inc.
ORIC,"Oric Pharmaceuticals, Inc."
ORIQ,Origin Investment Corp I
ORKA,"Oruka Therapeutics, Inc."
ORKT,Orangekloud Technology Inc.
ORLY,"O'Reilly Automotive, Inc."
ORMP,Oramed Pharmaceuticals Inc.
ORRF,"Orrstown Financial Services, Inc."
OSBC,"Old Second Bancorp, Inc."
OSIS,"OSI Systems, Inc."
OSPN,OneSpan Inc.
OSPR,Osprey Acquisition Corp. III
OSS,"One Stop Systems, Inc."
OST,"Ostin Technology Group Co., Ltd."
OSUR,"OraSure Technologies, Inc."
OSW,OneSpaWorld Holdings Limited
OTEX,Open Text Corporation
OTGA,OTG Acquisition Corp. I
OTLK,"Outlook Therapeutics, Inc."
OTLY,Oatly Group AB
OTTR,Otter Tail Corporation
OUST,"Ouster, Inc."
OVBC,Ohio Valley Banc Corp.
OVID,Ovid Therapeutics Inc.
OVLY,Oak Valley Bancorp (CA)
OWLS,OBOOK Holdings Inc.
OXBR,Oxbridge Re Holdings Limited
OXLC,Oxford Lane Capital Corp.
OXSQ,Oxford Square Capital Corp.
OYSE,Oyster Enterprises II Acquisition Corp
OZK,Bank OZK
PAAC,Proem Acquisition Corp I
PACB,"Pacific Biosciences of California, Inc."
PACH,Pioneer Acquisition I Corp
PAGP,"Plains GP Holdings, L.P."
PAHC,Phibro Animal Health Corporation
PAL,"Proficient Auto Logistics, Inc."
PALI,"Palisade Bio, Inc."
PALO,Paloma Acquisition Corp I
PAMT,PAMT CORP
PANL,Pangaea Logistics Solutions Ltd.
PANW,"Palo Alto Networks, Inc."
PARA,"Banzai International, Inc."
PARK,"Park Dental Partners, Inc."
PASG,"Passage Bio, Inc."
PATK,"Patrick Industries, Inc."
PAVM,PAVmed Inc.
PAVS,Paranovus Entertainment Technology Ltd.
PAX,Patria Investments Limited
PAYO,Payoneer Global Inc.
PAYP,PayPay Corporation
PAYS,"Paysign, Inc."
PAYX,"Paychex, Inc."
PBAM,"Private Bancorp of America, Inc."
PBFS,"Pioneer Bancorp, Inc."
PBHC,"Pathfinder Bancorp, Inc."
PBLS,"Parabilis Medicines, Inc."
PBM,Psyence Biomedical Ltd.
PBYI,Puma Biotechnology Inc
PC,Premium Catering (Holdings) Limited
PCAP,ProCap Acquisition Corp
PCAR,PACCAR Inc.
PCB,PCB Bancorp
PCLA,PicoCELA Inc.
PCRX,"Pacira BioSciences, Inc."
PCSA,"Processa Pharmaceuticals, Inc."
PCT,"PureCycle Technologies, Inc."
PCTY,Paylocity Holding Corporation
PCVX,"Vaxcyte, Inc."
PCYO,Pure Cycle Corporation
PDC,Perpetuals.com Ltd
PDD,PDD Holdings Inc.
PDEX,"Pro-Dex, Inc."
PDFS,"PDF Solutions, Inc."
PDLB,"Ponce Financial Group, Inc."
PDYN,Palladyne AI Corp.
PEBK,"Peoples Bancorp of North Carolina, Inc."
PEBO,Peoples Bancorp Inc.
PECE,Peace Acquisition Corp
PECO,"Phillips Edison & Company, Inc."
PEGA,Pegasystems Inc.
PENG,"Penguin Solutions, Inc."
PENN,"PENN Entertainment, Inc."
PEP,"PepsiCo, Inc."
PEPG,PepGen Inc.
PERI,Perion Network Ltd
PESI,"Perma-Fix Environmental Services, Inc."
PETS,"PetMed Express, Inc."
PETZ,"TDH Holdings, Inc."
PFAI,Pinnacle Food Group Limited
PFG,Principal Financial Group Inc
PFIS,Peoples Financial Services Corp.
PFSA,"Profusa, Inc."
PFX,PhenixFIN Corporation
PGC,Peapack-Gladstone Financial Corporation
PGEN,"Precigen, Inc."
PGNY,"Progyny, Inc."
PGY,Pagaya Technologies Ltd.
PHAR,Pharming Group N.V.
PHAT,"Phathom Pharmaceuticals, Inc."
PHIO,Phio Pharmaceuticals Corp.
PHOE,Phoenix Asia Holdings Limited
PHOS,First Phosphate Corp.
PHUN,"Phunware, Inc."
PHVS,Pharvaris N.V.
PI,"Impinj, Inc."
PICS,PicS N.V.
PIII,P3 Health Partners Inc.
PKBK,"Parke Bancorp, Inc."
PKOH,Park-Ohio Holdings Corp.
PLAB,"Photronics, Inc."
PLAY,"Dave & Buster's Entertainment, Inc."
PLBC,Plumas Bancorp
PLBL,Polibeli Group Ltd
PLBY,"Playboy, Inc."
PLCE,"Children's Place, Inc. (The)"
PLCI,Pelican Acquisition II Corporation
PLMK,Plum Acquisition Corp. IV
PLMR,"Palomar Holdings, Inc."
PLPC,Preformed Line Products Company
PLRX,"Pliant Therapeutics, Inc."
PLRZ,Polyrizon Ltd.
PLSE,"Pulse Biosciences, Inc"
PLSM,Pulsenmore Ltd.
PLTK,Playtika Holding Corp.
PLTR,Palantir Technologies Inc.
PLUG,"Plug Power, Inc."
PLUS,ePlus inc.
PLUT,Plutus Financial Group Limited
PLXS,Plexus Corp.
PLYX,"Polaryx Therapeutics, Inc."
PMAX,Powell Max Limited
PMN,ProMIS Neurosciences Inc.
PMTR,Perimeter Acquisition Corp. I
PMTS,CPI Card Group Inc.
PMVP,"PMV Pharmaceuticals, Inc."
PN,PN Smart Energy Limited
PNBK,Patriot National Bancorp Inc.
PNRG,PrimeEnergy Resources Corporation
PNTG,"The Pennant Group, Inc."
POCI,"Precision Optics Corporation, Inc."
PODC,"PodcastOne, Inc."
PODD,Insulet Corporation
POET,POET Technologies Inc.
POLE,Andretti Acquisition Corp. II
POM,POMDOCTOR LIMITED
PONO,"Pono Capital Four, Inc."
PONY,Pony AI Inc.
POOL,Pool Corporation
POWI,"Power Integrations, Inc."
POWL,"Powell Industries, Inc."
POWW,Outdoor Holding Company
PPBT,Purple Biotech Ltd.
PPC,Pilgrim's Pride Corporation
PPCB,"Propanc Biopharma, Inc."
PPHC,"Public Policy Holding Company, Inc."
PPIH,"Perma-Pipe International Holdings, Inc."
PPLI,People Incorporated
PPSI,"Pioneer Power Solutions, Inc."
PPTA,Perpetua Resources Corp.
PRAA,"PRA Group, Inc."
PRAX,"Praxis Precision Medicines, Inc."
PRCH,"Porch Group, Inc."
PRCT,PROCEPT BioRobotics Corporation
PRDO,Perdoceo Education Corporation
PRE,Prenetics Global Limited
PRFX,PRF Technologies Ltd.
PRGS,Progress Software Corporation
PRHI,"Presurance Holdings, Inc."
PRLD,Prelude Therapeutics Incorporated
PRME,"Prime Medicine, Inc."
PROF,Profound Medical Corp.
PROK,ProKidney Corp.
PROV,"Provident Financial Holdings, Inc."
PRPL,"Purple Innovation, Inc."
PRPO,"Precipio, Inc."
PRQR,ProQR Therapeutics N.V.
PRTA,Prothena Corporation plc
PRTH,"Priority Technology Holdings, Inc."
PRTS,"CarParts.com, Inc."
PRVA,"Privia Health Group, Inc."
PSEC,Prospect Capital Corporation
PSHG,Performance Shipping Inc.
PSIX,"Power Solutions International, Inc."
PSKY,Paramount Skydance Corporation
PSMT,"PriceSmart, Inc."
PSNL,"Personalis, Inc."
PSNY,Polestar Automotive Holding UK Limited
PSNYW,Polestar Automotive Holding UK Limited
PSQL,Pasqal Holding SA
PTAC,Patriot Acquisition Corp.
PTC,PTC Inc.
PTCT,"PTC Therapeutics, Inc."
PTEN,"Patterson-UTI Energy, Inc."
PTGX,"Protagonist Therapeutics, Inc."
PTLE,PTL LTD
PTLO,Portillo's Inc.
PTN,"Palatin Technologies, Inc."
PTON,"Peloton Interactive, Inc."
PTOR,Praetorian Acquisition Corp.
PTRN,Pattern Group Inc.
PUBM,"PubMatic, Inc."
PULM,"Pulmatrix, Inc."
PURR,Hyperliquid Strategies Inc
PUSA,Aureus Greenway Holdings Inc.
PVLA,"Palvella Therapeutics, Inc."
PWCM,"PowerCompute, Inc."
PWP,Perella Weinberg Partners
PWRL,Powerlaw Corp.
PXLW,"Pixelworks, Inc."
PXS,Pyxis Tankers Inc.
PYPD,PolyPid Ltd.
PYPL,"PayPal Holdings, Inc."
PYXS,"Pyxis Oncology, Inc."
PZZA,"Papa John's International, Inc."
QADR,QDRO Acquisition Corp.
QBTS,D-Wave Quantum Inc.
QCLS,"Q/C Technologies, Inc."
QCOM,QUALCOMM Incorporated
QCRH,"QCR Holdings, Inc."
QDEL,QuidelOrtho Corporation
QFIN,"Qfin Holdings, Inc."
QH,Quhuo Limited
QLYS,"Qualys, Inc."
QMCO,Quantum Corporation
QMLS,"QumulusAI, Inc."
QNBC,QNB Corp.
QNRX,"Quoin Pharmaceuticals, Ltd."
QNST,"QuinStreet, Inc."
QNT,Quantinuum Inc.
QNTM,Quantum Biopharma Ltd.
QQQX,Nuveen NASDAQ 100 Dynamic Overwrite Fund
QRHC,Quest Resource Holding Corporation
QRVO,"Qorvo, Inc."
QS,QuantumScape Corporation
QSEA,Quartzsea Acquisition Corporation
QTEX,QTREX Quantum Ltd.
QTI,"QT Imaging Holdings, Inc."
QTRX,Quanterix Corporation
QTTB,Q32 Bio Inc.
QUBT,Quantum Computing Inc.
QUCY,Quantum Cyber N.V.
QUIK,QuickLogic Corporation
QUMS,Quantumsphere Acquisition Corp.
QURE,uniQure N.V.
QVCG,"QVC Group, Inc."
QXL,Quantum X Labs Inc.
RACC,Research Alliance Corporation III
RACD,Research Alliance Corporation IV
RADX,Radiopharm Theranostics Limited
RAIL,"Freightcar America, Inc."
RAND,Rand Capital Corporation
RAPP,"Rapport Therapeutics, Inc."
RARE,Ultragenyx Pharmaceutical Inc.
RAVE,"Rave Restaurant Group, Inc."
RAYA,Erayak Power Solution Group Inc.
RBB,RBB Bancorp
RBBN,Ribbon Communications Inc.
RBCAA,"Republic Bancorp, Inc."
RBKB,"Rhinebeck Bancorp, Inc."
RBNE,Robin Energy Ltd.
RCAT,"Red Cat Holdings, Inc."
RCBC,River City Bank
RCEL,"Avita Medical, Inc."
RCKT,"Rocket Pharmaceuticals, Inc."
RCKY,"Rocky Brands, Inc."
RCMT,"RCM Technologies, Inc."
RCON,"Recon Technology, Ltd."
RDAG,Republic Digital Acquisition Company
RDCM,Radcom Ltd.
RDGT,"Ridgetech, Inc."
RDI,Reading International Inc
RDIB,Reading International Inc
RDNT,"RadNet, Inc."
RDNW,"RideNow Group, Inc."
RDVT,"Red Violet, Inc."
RDWR,Radware Ltd.
RDZN,"Roadzen, Inc."
REAL,"The RealReal, Inc."
REAX,Real REMAX Group Inc.
RECT,Rectitude Holdings Ltd
REFI,"Chicago Atlantic Real Estate Finance, Inc."
REG,Regency Centers Corporation
REGN,"Regeneron Pharmaceuticals, Inc."
RELL,"Richardson Electronics, Ltd."
RELY,"Remitly Global, Inc."
RENT,"Rent the Runway, Inc."
RENX,RenX Enterprises Corp.
REPL,"Replimune Group, Inc."
RETO,"ReTo Eco-Solutions, Inc."
REVB,"Revelation Biosciences, Inc."
REYN,Reynolds Consumer Products Inc.
RFAI,RF Acquisition Corp II
RFAM,RF Acquisition Corp III
RFIL,"RF Industries, Ltd."
RGC,Regencell Bioscience Holdings Limited
RGCO,RGC Resources Inc.
RGEN,Repligen Corporation
RGLD,"Royal Gold, Inc."
RGNX,REGENXBIO Inc.
RGP,"Resources Connection, Inc."
RGS,Regis Corporation
RGTI,"Rigetti Computing, Inc."
RIBB,Ribbon Acquisition Corp
RICK,"RCI Hospitality Holdings, Inc."
RIGL,"Rigel Pharmaceuticals, Inc."
RILY,"BRC Group Holdings, Inc."
RIOT,"Riot Platforms, Inc."
RIVN,"Rivian Automotive, Inc."
RJET,Republic Airways Holdings Inc.
RKLB,Rocket Lab Corporation
RLAY,"Relay Therapeutics, Inc."
RLMD,"Relmada Therapeutics, Inc."
RLYB,Rallybio Corporation
RMBI,"Richmond Mutual Bancorporation, Inc."
RMBS,"Rambus, Inc."
RMCF,"Rocky Mountain Chocolate Factory, Inc."
RMCO,Royalty Management Holding Corporation
RMIX,"Suncrete, Inc."
RML,Resolution Minerals Ltd
RMNI,"Rimini Street, Inc."
RMR,The RMR Group Inc.
RMTI,"Rockwell Medical, Inc."
RNA,"Atrium Therapeutics, Inc."
RNAC,"Cartesian Therapeutics, Inc."
RNAQ,Rainier Acquisition Corporation
RNAZ,"TransCode Therapeutics, Inc."
RNGT,Range Capital Acquisition Corp II
RNW,ReNew Energy Global plc
RNXT,"RenovoRx, Inc."
ROC,Rank One Computing Corporation
ROCK,"Gibraltar Industries, Inc."
ROIV,Roivant Sciences Ltd.
ROKU,"Roku, Inc."
ROMA,Roma Green Finance Limited
ROOT,"Root, Inc."
ROP,"Roper Technologies, Inc."
ROST,"Ross Stores, Inc."
RPAY,Repay Holdings Corporation
RPD,"Rapid7, Inc."
RPGL,Republic Power Group Limited
RPID,"Rapid Micro Biosystems, Inc."
RPRX,Royalty Pharma plc
RR,Richtech Robotics Inc.
RRBI,"Red River Bancshares, Inc."
RREV,RRE Ventures Acquisition Corp.
RRGB,"Red Robin Gourmet Burgers, Inc."
RRR,"Red Rock Resorts, Inc."
RSSS,"Research Solutions, Inc"
RSVR,"Reservoir Media, Inc.."
RTB,"RTB Digital, Inc."
RUBI,Rubico Inc.
RUM,RUM Group Inc.
RUN,Sunrun Inc.
RUSHA,"Rush Enterprises, Inc."
RUSHB,"Rush Enterprises, Inc."
RVMD,"Revolution Medicines, Inc."
RVSB,Riverview Bancorp Inc
RVSN,Rail Vision Ltd.
RWAY,Runway Growth Finance Corp.
RXRX,"Recursion Pharmaceuticals, Inc."
RXST,"RxSight, Inc."
RXT,"Rackspace Technology, Inc."
RYAAY,Ryanair Holdings plc
RYET,Ruanyun Edai Technology Inc.
RYM,"RYTHM, Inc."
RYOJ,"rYojbaba Co., Ltd."
RYTM,"Rhythm Pharmaceuticals, Inc."
RZLT,"Rezolute, Inc."
RZLV,Rezolve AI PLC
SAAQ,Space Asset Acquisition Corp.
SABR,Sabre Corporation
SABS,"SAB Biotherapeutics, Inc."
SAFT,"Safety Insurance Group, Inc."
SAIA,"Saia, Inc."
SAIC,Science Applications International Corporation
SAIH,SAIHEAT Limited
SAIL,"SailPoint, Inc."
SAMG,Silvercrest Asset Management Group Inc.
SANA,"Sana Biotechnology, Inc."
SANG,Sangoma Technologies Corporation
SANM,Sanmina Corporation
SATL,Satellogic Inc.
SBAC,SBA Communications Corporation
SBCF,Seacoast Banking Corporation of Florida
SBET,"Sharplink, Inc."
SBFG,"SB Financial Group, Inc."
SBFM,Sunshine Biopharma Inc.
SBGI,"Sinclair, Inc."
SBLK,Star Bulk Carriers Corp.
SBRA,"Sabra Health Care REIT, Inc."
SBUX,Starbucks Corporation
SCHL,Scholastic Corporation
SCII,SC II Acquisition Corp.
SCLX,Scilex Holding Company
SCNI,Scinai Immunotherapeutics Ltd.
SCOR,"comScore, Inc."
SCPQ,Social Commerce Partners Corporation
SCSC,"ScanSource, Inc."
SCTX,Scribe Therapeutics Inc.
SCWO,374Water Inc.
SCYX,"SCYNEXIS, Inc."
SCZM,Santacruz Silver Mining Ltd.
SDGR,"Schrodinger, Inc."
SDHI,Siddhi Acquisition Corp
SDOT,Sadot Group Inc.
SEAT,Vivid Seats Inc.
SEDG,"SolarEdge Technologies, Inc."
SEED,Origin Agritech Limited
SEER,"Seer, Inc."
SEIC,SEI Investments Company
SELF,"Global Self Storage, Inc."
SENEA,Seneca Foods Corp.
SENEB,Seneca Foods Corp.
SENS,"Senseonics Holdings, Inc."
SEPN,"Septerna, Inc."
SERA,"Sera Prognostics, Inc."
SERV,Serve Robotics Inc.
SEV,Aptera Motors Corp.
SEVN,Seven Hills Realty Trust
SEZL,Sezzle Inc.
SFBC,"Sound Financial Bancorp, Inc."
SFD,"Smithfield Foods, Inc."
SFHG,Samfine Creation Holdings Group Limited
SFIX,"Stitch Fix, Inc."
SFM,"Sprouts Farmers Market, Inc."
SFNC,Simmons First National Corporation
SFST,"Southern First Bancshares, Inc."
SFWL,Shengfeng Development Limited
SGA,"Saga Communications, Inc."
SGC,"Superior Group of Companies, Inc."
SGHT,"Sight Sciences, Inc."
SGLD,Scorpio Gold Corporation
SGLY,Singularity Future Technology Ltd.
SGML,Sigma Lithium Corporation
SGMT,Sagimet Biosciences Inc.
SGP,"SpyGlass Pharma, Inc."
SGRX,SANGRIX INC.
SGRY,"Surgery Partners, Inc."
SHAZ,"SharonAI Holdings, Inc."
SHBI,"Shore Bancshares, Inc."
SHC,Sotera Health Company
SHEN,Shenandoah Telecommunications Co
SHIM,Shimmick Corporation
SHIP,Seanergy Maritime Holdings Corp.
SHLS,"Shoals Technologies Group, Inc."
SHMD,SCHMID Group N.V.
SHOE,"Shoe Station Group, Inc."
SHOO,"Steven Madden, Ltd."
SHOP,Shopify Inc.
SHOT,RMG ML Sports Holdings
SIBN,"SI-BONE, Inc."
SIDU,"Sidus Space, Inc."
SIEB,Siebert Financial Corp.
SIFY,Sify Technologies Limited
SIGA,SIGA Technologies Inc.
SIGI,"Selective Insurance Group, Inc."
SILC,Silicom Ltd
SILO,"Silo Pharma, Inc."
SIMA,SIM Acquisition Corp. I
SIMO,Silicon Motion Technology Corporation
SINT,"SiNtx Technologies, Inc."
SION,"Sionna Therapeutics, Inc."
SIRI,SiriusXM Holdings Inc.
SITM,SiTime Corporation
SJ,Scienjoy Holding Corporation
SKHY,SK hynix Inc.
SKK,SKK Holdings Limited
SKWD,"Skyward Specialty Insurance Group, Inc."
SKYA,"SkyAI, Inc."
SKYQ,Sky Quarry Inc.
SKYW,"SkyWest, Inc."
SKYX,SKYX Platforms Corp.
SLAB,"Silicon Laboratories, Inc."
SLBT,SL Science Holding Limited
SLDB,Solid Biosciences Inc.
SLDE,"Slide Insurance Holdings, Inc."
SLDP,"Solid Power, Inc."
SLE,"Super League Enterprise, Inc."
SLGL,Sol-Gel Technologies Ltd.
SLM,SLM Corporation
SLMT,Brera Holdings PLC
SLN,Silence Therapeutics Plc
SLNG,"Stabilis Solutions, Inc."
SLNH,"Soluna Holdings, Inc."
SLP,"Simulations Plus, Inc."
SLRC,SLR Investment Corp.
SLS,"SELLAS Life Sciences Group, Inc."
SLSN,"Solesence, Inc."
SMBC,"Southern Missouri Bancorp, Inc."
SMCI,"Super Micro Computer, Inc."
SMID,Smith-Midland Corporation
SMMT,Summit Therapeutics Inc.
SMPL,The Simply Good Foods Company
SMSI,"Smith Micro Software, Inc."
SMTC,Semtech Corporation
SMTI,Sanara MedTech Inc.
SMTK,"SmartKem, Inc."
SMX,SMX (Security Matters) Public Limited Company
SND,"Smart Sand, Inc."
SNDK,Sandisk Corporation
SNDL,SNDL Inc.
SNDX,"Syndax Pharmaceuticals, Inc."
SNES,"SenesTech, Inc."
SNEX,StoneX Group Inc.
SNFCA,Security National Financial Corporation
SNOA,"Sonoma Pharmaceuticals, Inc."
SNPS,"Synopsys, Inc."
SNT,Senstar Technologies Corporation
SNTG,Sentage Holdings Inc.
SNWV,"SANUWAVE Health, Inc."
SNY,Sanofi
SOCA,Solarius Capital Acquisition Corp.
SOFI,"SoFi Technologies, Inc."
SOGP,Sound Group Inc.
SOHU,Sohu.com Limited
SOLS,Solstice Advanced Materials Inc.
SONO,"Sonos, Inc."
SOPH,SOPHiA GENETICS SA
SORA,AsiaStrategy
SORN,Soren Acquisition Corp.
SOTK,Sono-Tek Corporation
SOUN,"SoundHound AI, Inc."
SOWG,Sow Good Inc.
SPAI,Safe Pro Group Inc.
SPCB,"SuperCom, Ltd."
SPCX,Space Exploration Technologies Corp.
SPEG,Silver Pegasus Acquisition Corp
SPFI,"South Plains Financial, Inc."
SPHL,Springview Holdings Ltd
SPOK,"Spok Holdings, Inc."
SPPL,SIMPPLE LTD.
SPRB,"Spruce Biosciences, Inc."
SPRC,SciSparc Ltd.
SPRO,"Spero Therapeutics, Inc."
SPRY,"ARS Pharmaceuticals, Inc."
SPSC,"SPS Commerce, Inc."
SPT,"Sprout Social, Inc"
SPTX,"Seaport Therapeutics, Inc."
SPWH,"Sportsman's Warehouse Holdings, Inc."
SQFT,"Presidio Property Trust, Inc."
SRAD,Sportradar Group AG
SRBK,"SR Bancorp, Inc."
SRCE,1st Source Corporation
SRPT,"Sarepta Therapeutics, Inc."
SRRK,Scholar Rock Holding Corporation
SRTA,"Strata Critical Medical, Inc."
SRTS,"Sensus Healthcare, Inc."
SRZN,"Surrozen, Inc."
SSAC,SPACSphere Acquisition Corp.
SSBI,Summit State Bank
SSEA,Starry Sea Acquisition Corp
SSII,SS Innovations International Inc.
SSM,Sono Group N.V.
SSNC,"SS&C Technologies Holdings, Inc."
SSP,E.W. Scripps Company (The)
SSRM,SSR Mining Inc.
SSTI,"SoundThinking, Inc."
SSYS,"Stratasys, Ltd."
STAA,STAAR Surgical Company
STAK,STAK Inc.
STBA,"S&T Bancorp, Inc."
STEP,StepStone Group Inc.
STEX,Streamex Corp.
STFS,Star Fashion Culture Holdings Limited
STGW,Stagwell Inc.
STI,"Solidion Technology, Inc."
STIM,"Neuronetics, Inc."
STKE,Sol Strategies Inc.
STKH,Steakholder Foods Ltd.
STKS,"The ONE Group Hospitality, Inc."
STLD,"Steel Dynamics, Inc."
STLN,"Starling Oncology, Inc."
STNE,StoneCo Ltd.
STOK,"Stoke Therapeutics, Inc."
STRA,"Strategic Education, Inc."
STRL,"Sterling Infrastructure, Inc."
STRO,"Sutro Biopharma, Inc."
STRR,"Star Equity Holdings, Inc."
STRT,STRATTEC SECURITY CORPORATION
STRZ,Starz Entertainment Corp.
STTK,"Shattuck Labs, Inc."
STX,Seagate Technology Holdings PLC
SUGP,SU Group Holdings Limited
SUIG,Sui Group Holdings Limited
SUJA,"Suja Life, Inc."
SUMA,SUMA Acquisition Corporation
SUNE,"SUNation Energy, Inc."
SUNS,"Sunrise Realty Trust, Inc."
SUPN,"Supernus Pharmaceuticals, Inc."
SUPX,SuperX AI Technology Limited
SVA,"Sinovac Biotech, Ltd."
SVAQ,Silicon Valley Acquisition Corp.
SVCC,Stellar V Capital Corp.
SVCO,"Silvaco Group, Inc."
SVIA,"Silvia, Inc."
SVIV,Spring Valley Acquisition Corp. IV
SVRA,"Savara, Inc."
SVRE,SaverOne 2014 Ltd.
SWAG,"Stran & Company, Inc."
SWBI,"Smith & Wesson Brands, Inc."
SWIM,"Latham Group, Inc."
SWKS,"Skyworks Solutions, Inc."
SWMR,"Swarmer, Inc"
SWRD,Stewards Inc
SWVL,Swvl Holdings Corp
SXTC,"China SXT Pharmaceuticals, Inc."
SXTP,"60 Degrees Pharmaceuticals, Inc."
SY,So-Young International Inc.
SYBT,"Stock Yards Bancorp, Inc."
SYM,Symbotic Inc.
SYNA,Synaptics Incorporated
SYPR,"Sypris Solutions, Inc."
SYRE,"Spyre Therapeutics, Inc."
SZZL,Sizzle Acquisition Corp. II
TACH,Titan Acquisition Corp.
TACO,Berto Acquisition Corp.
TACT,TransAct Technologies Incorporated
TANH,Tantech Holdings Ltd.
TAOP,Taoping Inc.
TAOX,Tao Synergies Inc.
TARA,"Protara Therapeutics, Inc."
TARS,"Tarsus Pharmaceuticals, Inc."
TASK,"TaskUs, Inc."
TATT,TAT Technologies Ltd.
TAVI,Tavia Acquisition Corp.
TAYD,"Taylor Devices, Inc."
TBBK,"The Bancorp, Inc."
TBCH,Turtle Beach Corporation
TBLA,Taboola.com Ltd.
TBLD,Thornburg Income Builder Opportunities Trust
TC,Token Cat Limited
TCBI,"Texas Capital Bancshares, Inc."
TCBK,TriCo Bancshares
TCBS,"Texas Community Bancshares, Inc."
TCGX,TCGX Acquisition Corp.
TCMD,"Tactile Systems Technology, Inc."
TCOM,Trip.com Group Limited
TCPC,BlackRock TCP Capital Corp.
TCX,Tucows Inc.
TDAC,Translational Development Acquisition Corp.
TDIC,Dreamland Limited
TDTH,Trident Digital Tech Holdings Ltd
TDUP,ThredUp Inc.
TDWD,Tailwind 2.0 Acquisition Corp.
TEAM,Atlassian Corporation
TECH,Bio-Techne Corp
TECX,"Tectonic Therapeutic, Inc."
TELO,"Telomir Pharmaceuticals, Inc."
TEM,"Tempus AI, Inc."
TENB,"Tenable Holdings, Inc."
TENX,"Tenax Therapeutics, Inc."
TER,"Teradyne, Inc."
TFSL,TFS Financial Corporation
TGL,Treasure Global Inc.
TGTX,"TG Therapeutics, Inc."
TH,Target Hospitality Corp.
THCH,TH International Limited
THEO,BOA Acquisition Corp. II
THFF,First Financial Corporation
THH,TryHard Holdings Limited
THRM,Gentherm Inc
THRY,"Thryv Holdings, Inc."
TIGO,Millicom International Cellular S.A.
TIGR,UP Fintech Holding Limited
TIL,"Instil Bio, Inc."
TILE,"Interface, Inc."
TIPT,Tiptree Inc.
TITN,Titan Machinery Inc.
TJGC,TJGC Group Limited
TKLF,"Tokyo Lifestyle Co., Ltd."
TKNO,"Alpha Teknova, Inc."
TLAC,Three Lions Acquisition Corp.
TLF,"Tandy Leather Factory, Inc."
TLIH,Ten-League International Holdings Limited
TLN,Talen Energy Corporation
TLNC,Talon Capital Corp.
TLPH,"Talphera, Inc."
TLRY,"Tilray Brands, Inc."
TLS,Telos Corporation
TLSA,Tiziana Life Sciences Ltd
TLSI,"TriSalus Life Sciences, Inc."
TLX,Telix Pharmaceuticals Limited
TMC,TMC the metals company Inc.
TMCI,"Treace Medical Concepts, Inc."
TMCR,The Metals Royalty Company Inc.
TMDX,"TransMedics Group, Inc."
TMS,Teamshares Inc.
TMTS,Spartacus Acquisition Corp. II
TMUS,"T-Mobile US, Inc."
TNDM,"Tandem Diabetes Care, Inc."
TNGX,"Tango Therapeutics, Inc."
TNON,"Tenon Medical, Inc."
TNXP,Tonix Pharmaceuticals Holding Corp.
TONX,TON Strategy Company
TOP,TOP Financial Group Limited
TORO,Toro Corp.
TOUR,Tuniu Corporation
TOWN,Towne Bank
TOYO,"TOYO Co., Ltd"
TPCS,TechPrecision Corporation
TPG,TPG Inc.
TRAX,"First Tracks Biotherapeutics, Inc."
TRBG,TurboGen Ltd.
TRDA,"Entrada Therapeutics, Inc."
TREE,"LendingTree, Inc."
TREO,Tactical Resources Corp.
TRGS,TRG Latin America Acquisitions Corp.
TRI,Thomson Reuters Corp
TRIP,"TripAdvisor, Inc."
TRMB,Trimble Inc.
TRMD,TORM plc
TRMK,Trustmark Corporation
TRNR,Interactive Strength Inc.
TRNS,"Transcat, Inc."
TRON,Tron Inc.
TROO,"TROOPS, Inc."
TROW,"T. Rowe Price Group, Inc."
TRS,TriMas Corporation
TRSG,Tungray Technologies Inc
TRST,TrustCo Bank Corp NY
TRT,Trio-Tech International
TRUP,"Trupanion, Inc."
TRVG,trivago N.V.
TRVI,"Trevi Therapeutics, Inc."
TSAT,Telesat Corporation
TSBK,"Timberland Bancorp, Inc."
TSCO,Tractor Supply Company
TSEM,Tower Semiconductor Ltd.
TSHA,"Taysha Gene Therapies, Inc."
TSLA,"Tesla, Inc."
TSSI,"TSS, Inc."
TTAN,"ServiceTitan, Inc."
TTD,"The Trade Desk, Inc."
TTEC,"TTEC Holdings, Inc."
TTEK,"Tetra Tech, Inc."
TTGT,"TechTarget, Inc."
TTMI,"TTM Technologies, Inc."
TTRX,Turn Therapeutics Inc.
TTWO,"Take-Two Interactive Software, Inc."
TULP,"Bloomia Holdings, Inc."
TURB,"Turbo Energy, S.A."
TUSK,"Mammoth Energy Services, Inc."
TVA,Texas Ventures Acquisition III Corp
TVAI,Thayer Ventures Acquisition Corporation II
TVIV,Texas Ventures Acquisition IV Corp
TVRD,"Tvardi Therapeutics, Inc."
TVTX,"Travere Therapeutics, Inc."
TW,Tradeweb Markets Inc.
TWAV,"TaoWeave, Inc."
TWFG,"TWFG, Inc."
TWG,Top Wealth Group Holding Limited
TWIN,"Twin Disc, Incorporated"
TWLV,Twelve Seas Investment Company III
TWST,Twist Bioscience Corporation
TXG,"10x Genomics, Inc."
TXMD,"TherapeuticsMD, Inc."
TXN,Texas Instruments Incorporated
TXRH,"Texas Roadhouse, Inc."
TYGO,"Tigo Energy, Inc."
TYRA,"Tyra Biosciences, Inc."
TZOO,Travelzoo
UAL,"United Airlines Holdings, Inc."
UBCP,"United Bancorp, Inc."
UBSI,"United Bankshares, Inc."
UCAR,U Power Limited
UCTT,"Ultra Clean Holdings, Inc."
UEIC,Universal Electronics Inc.
UFCS,"United Fire Group, Inc"
UFPI,"UFP Industries, Inc."
UFPT,"UFP Technologies, Inc."
UG,"United-Guardian, Inc."
UK,Ucommune International Ltd
ULBI,Ultralife Corporation
ULCC,"Frontier Group Holdings, Inc."
ULH,"Universal Logistics Holdings, Inc."
ULTA,"Ulta Beauty, Inc."
UMBF,UMB Financial Corporation
UNB,"Union Bankshares, Inc."
UNCY,"Unicycive Therapeutics, Inc."
UNIT,Uniti Group Inc.
UNTY,"Unity Bancorp, Inc."
UONE,"Urban One, Inc."
UONEK,"Urban One, Inc."
UPB,"Upstream Bio, Inc."
UPBD,"Upbound Group, Inc."
UPC,Universe Pharmaceuticals Inc
UPST,"Upstart Holdings, Inc."
UPWK,Upwork Inc.
URBN,"Urban Outfitters, Inc."
URGN,UroGen Pharma Ltd.
UROY,Uranium Royalty Corp.
USAR,"USA Rare Earth, Inc."
USAU,U.S. Gold Corp.
USCB,"USCB Financial Holdings, Inc."
USDE,StablecoinX Inc.
USEA,United Maritime Corporation
USIO,"Usio, Inc."
USLM,"United States Lime & Minerals, Inc."
UTHR,United Therapeutics Corporation
UTMD,"Utah Medical Products, Inc."
UTSI,UTStarcom Holdings Corp
UVSP,Univest Financial Corporation
UXIN,Uxin Limited
UYSC,UY Scuti Acquisition Corp.
VABK,Virginia National Bankshares Corporation
VALN,Valneva SE
VALU,"Value Line, Inc."
VANI,"Vivani Medical, Inc."
VBIO,"Valion Bio, Inc."
VBNK,VersaBank
VC,Visteon Corporation
VCEL,Vericel Corporation
VCIG,VCI Global Limited
VCRE,Vicore Pharma Holding AB
VCTR,"Victory Capital Holdings, Inc."
VCYT,"Veracyte, Inc."
VECO,Veeco Instruments Inc.
VEEE,Twin Vee PowerCats Co.
VELO,"Velo3D, Inc."
VEON,VEON Ltd.
VERA,"Vera Therapeutics, Inc."
VERI,"Veritone, Inc."
VERU,Veru Inc.
VERX,"Vertex, Inc."
VFF,"Village Farms International, Inc."
VFS,VinFast Auto Ltd.
VGAS,"Verde Clean Fuels, Inc."
VHC,VirnetX Holding Corp
VHCP,Vine Hill Capital Investment Corp. II
VIAV,Viavi Solutions Inc.
VICR,Vicor Corporation
VINP,Vinci Compass Investments Ltd.
VIOT,"Viomi Technology Co., Ltd"
VIR,"Vir Biotechnology, Inc."
VIRC,Virco Manufacturing Corporation
VISN,"Vistance Networks, Inc."
VITL,"Vital Farms, Inc."
VIVK,"Vivakor, Inc."
VIVO,VivoPower PLC
VKTX,"Viking Therapeutics, Inc."
VLGEA,"Village Super Market, Inc."
VLOS,Velos Acquisition I Corp.
VLY,Valley National Bancorp
VMAR,Vision Marine Technologies Inc.
VMD,"Viemed Healthcare, Inc."
VMET,Versamet Royalties Corporation
VNCE,Vince Holding Corp.
VNDA,Vanda Pharmaceuticals Inc.
VNET,"VNET Group, Inc."
VNME,Vendome Acquisition Corporation I
VNOM,"Viper Energy, Inc."
VOD,Vodafone Group Plc
VOGX,Vogenx Inc
VOR,Vor Biopharma Inc.
VOXR,Vox Royalty Corp.
VRA,"Vera Bradley, Inc."
VRAX,Virax Biolabs Group Limited
VRCA,Verrica Pharmaceuticals Inc.
VRDN,"Viridian Therapeutics, Inc."
VREX,Varex Imaging Corporation
VRM,"Vroom, Inc."
VRNS,"Varonis Systems, Inc."
VRRM,Verra Mobility Corporation
VRSK,"Verisk Analytics, Inc."
VRSN,"VeriSign, Inc."
VRTX,Vertex Pharmaceuticals Incorporated
VRXA,Veraxa Biotech AG
VS,Versus Systems Inc.
VSA,VisionSys AI Inc.
VSAT,"ViaSat, Inc."
VSEC,VSE Corporation
VSME,VS Media Holdings Limited
VSNT,"Versant Media Group, Inc."
VSTM,"Verastem, Inc."
VTIX,Virtuix Holdings Inc.
VTRS,Viatris Inc.
VTSI,"VirTra, Inc."
VTVT,vTv Therapeutics Inc.
VUZI,Vuzix Corporation
VWAV,"VisionWave Holdings, Inc."
VYGR,"Voyager Therapeutics, Inc."
WABC,Westamerica Bancorporation
WAFD,"WaFd, Inc."
WAFDP,"WaFd, Inc."
WAFU,Wah Fu Education Group Limited
WALD,Waldencast plc
WASH,"Washington Trust Bancorp, Inc."
WATR,Air Water Ventures Limited
WATT,Energous Corporation
WAVE,Eco Wave Power Global AB (publ)
WAY,Waystar Holding Corp.
WB,Weibo Corporation
WBD,"Warner Bros. Discovery, Inc."
WBTN,WEBTOON Entertainment Inc.
WCCB,West Coast Community Bancorp
WCT,Wellchange Holdings Company Limited
WDAY,"Workday, Inc."
WDC,Western Digital Corporation
WDFC,WD-40 Company
WEN,Wendy's Company (The)
WENN,Wen Acquisition Corp
WERN,"Werner Enterprises, Inc."
WEST,Westrock Coffee Company
WETH,Wetouch Technology Inc.
WETO,Wetour Robotics Limited
WEYS,"Weyco Group, Inc."
WFCF,"Where Food Comes From, Inc."
WFF,WF Holding Limited
WFRD,Weatherford International plc
WGS,GeneDx Holdings Corp.
WHF,"WhiteHorse Finance, Inc."
WHLR,"Wheeler Real Estate Investment Trust, Inc."
WHWK,"Whitehawk Therapeutics, Inc."
WIMI,WiMi Hologram Cloud Inc.
WINA,Winmark Corporation
WING,Wingstop Inc.
WIX,Wix.com Ltd.
WKEY,WISeKey International Holding Ltd
WKHS,"Workhorse Group, Inc."
WLCO,Wilco 63 Corporation
WLDN,"Willdan Group, Inc."
WLDS,Wearable Devices Ltd.
WLFC,Willis Lease Finance Corporation
WLII,Willow Lane Acquisition Corp. II
WLTH,Wealthfront Corporation
WMG,Warner Music Group Corp.
WMT,Walmart Inc.
WNEB,"Western New England Bancorp, Inc."
WNW,Meiwu Technology Company Limited
WOK,WORK Medical Technology Group LTD
WOOF,"Petco Health and Wellness Company, Inc."
WPRT,Westport Fuel Systems Inc
WRAP,"Wrap Technologies, Inc."
WRD,WeRide Inc.
WRLD,World Acceptance Corporation
WSBC,"WesBanco, Inc."
WSBF,"Waterstone Financial, Inc."
WSBK,"Winchester Bancorp, Inc."
WSC,WillScot Holdings Corporation
WSE,Wise Group plc
WSFS,WSFS Financial Corporation
WSHP,WeShop Holdings Limited
WSTN,Westin Acquisition Corp
WTBA,West Bancorporation
WTF,Waton Financial Limited
WTFC,Wintrust Financial Corporation
WTG,Wintergreen Acquisition Corp.
WTW,Willis Towers Watson Public Limited Company
WULF,TeraWulf Inc.
WVE,"Wave Life Sciences, Inc."
WVVI,"Willamette Valley Vineyards, Inc."
WW,"WW International, Inc."
WWD,"Woodward, Inc."
WXM,WF International Limited
WYFI,"WhiteFiber, Inc."
WYHG,Wing Yip Food Holdings Group Limited
WYNN,"Wynn Resorts, Limited"
XAIR,"Beyond Air, Inc."
XBIO,"Xenetic Biosciences, Inc."
XBIT,XBiotech Inc.
XBP,"XBP Global Holdings, Inc."
XCBE,X3 Acquisition Corp. Ltd.
XCH,XCHG Limited
XE,"X-Energy, Inc."
XEL,Xcel Energy Inc.
XELB,"Xcel Brands, Inc"
XENE,Xenon Pharmaceuticals Inc.
XERS,"Xeris Biopharma Holdings, Inc."
XFOR,"X4 Pharmaceuticals, Inc."
XGN,Exagen Inc.
XHG,XChange TEC.INC
XHLD,"TEN Holdings, Inc."
XIII,Churchill Capital Corp XIII
XLAB,Exascale Labs Holdings Inc.
XLO,"Xilio Therapeutics, Inc."
XMTR,"Xometry, Inc."
XNCR,"Xencor, Inc."
XNDU,Xanadu Quantum Technologies Limited
XNET,Xunlei Limited
XOS,"Xos, Inc."
XP,XP Inc.
XPEL,"XPEL, Inc."
XPON,"Expion Energy, Inc."
XRAY,DENTSPLY SIRONA Inc.
XRPN,Armada Acquisition Corp. II
XRTX,XORTX Therapeutics Inc.
XRX,Xerox Holdings Corporation
XSLL,Xsolla SPAC 1
XTER,Karman Line Acquisition Corp.
XTLB,XTL Biopharmaceuticals Ltd.
XWEL,"XWELL, Inc."
XXII,"22nd Century Group, Inc"
YAAS,Youxin Technology Ltd
YARW,"Yarrow Bioscience, Inc."
YB,Yuanbao Inc.
YDDL,One and One Green Technologies. INC
YDES,YD Bio Limited
YDKG,Yueda Digital Holding
YFOR,YYForce Inc.
YHC,LQR House Inc.
YHGJ,Yunhong Green CTI Ltd.
YI,"111, Inc."
YIBO,Planet Image International Limited
YICC,Yorkville International Capital Corp.
YJ,Yunji Inc.
YMAT,"J-Star Holding Co., Ltd."
YORW,The York Water Company
YQ,17 Education & Technology Group Inc.
YSWY,"Yesway, Inc."
YSXT,"YSX Tech. Co., Ltd"
YTRA,"Yatra Online, Inc."
YXT,YXT.COM GROUP HOLDING LIMITED
YYAI,AiRWA Inc.
Z,"Zillow Group, Inc."
ZBIO,"Zenas BioPharma, Inc."
ZBRA,Zebra Technologies Corporation
ZCMD,Zhongchao Inc.
ZD,"Ziff Davis, Inc."
ZDAI,"DirectBooking Technology Co., Ltd."
ZENA,"ZenaTech, Inc."
ZG,"Zillow Group, Inc."
ZION,Zions Bancorporation N.A.
ZJK,"ZJK Industrial Co., Ltd."
ZJYL,JIN MEDICAL INTERNATIONAL LTD.
ZKIN,"ZK International Group Co., Ltd"
ZKP,Lafayette Digital Acquisition Corp. I
ZLAB,Zai Lab Limited
ZM,"Zoom Communications, Inc."
ZNB,Zeta Network Group
ZNTL,"Zentalis Pharmaceuticals, Inc."
ZOOZ,ZOOZ Strategy Ltd.
ZS,"Zscaler, Inc."
ZSQR,Z Squared Inc.
ZSTK,ZeroStack Corp.
ZTG,Zenta Group Company Limited
ZUMZ,Zumiez Inc.
ZURA,Zura Bio Limited
ZVRA,"Zevra Therapeutics, Inc."
ZYBT,Zhengye Biotechnology Holding Limited
ZYME,Zymeworks Inc.
